,sample,alb,biclyr,lob,mac,micmon,muepri,sinstemar,pureCount,hybCount,hyb,sinstemar_1,muepri_1,alb_1,biclyr_1,lob_1,mac1_1,mac2_1,micmon_1,macComb,collectionNumber
1,SRR14632920,none,none,pure?,none,none,none,none,1,0,pure,0,0,0,0,0.9999,0,0,0,2.00E-05,NA
2,SRR14632922,none,none,pure?,none,none,none,none,1,0,pure,0,0,0,0,0.9999,0,0,0,2.00E-05,NA
3,SRR14632924,none,none,pure?,none,none,none,none,1,0,pure,0,0,0,0,0.9999,0,0,0,2.10E-05,NA
4,SRR14632927,none,none,pure?,none,none,none,none,1,0,pure,0,0,0,0,0.9999,0,0,0,2.90E-05,NA
5,SRR14632928,none,none,pure?,none,none,none,none,1,0,pure,0,0,0,0,0.9999,0,0,0,2.00E-05,NA
6,SRR14632929,none,none,pure?,none,none,none,none,1,0,pure,0,0,0,0,0.9999,0,0,0,2.00E-05,NA
7,SRR14632932,none,none,pure?,none,none,none,none,1,0,pure,0,0,0,0,0.9999,0,0,0,2.00E-05,NA
8,SRR14632934,none,none,pure?,none,none,none,none,1,0,pure,0,0,0,0,0.9999,0,0,0,2.00E-05,NA
9,SRR14632950,none,none,pure?,none,none,none,none,1,0,pure,0,0,0,0,0.9999,0,0,0,2.30E-05,NA
10,SRR14632955,none,none,pure?,none,none,none,none,1,0,pure,0,0,0,0,0.9999,0,0,0,2.00E-05,NA
11,SRR14632961,none,none,pure?,none,none,none,none,1,0,pure,0,0,0,0,0.9999,0,0,0,2.00E-05,NA
12,SRR14632964,none,none,pure?,none,none,none,none,1,0,pure,0,0,0,0,0.9999,0,0,0,2.00E-05,NA
13,SRR14632967,none,none,pure?,none,none,none,none,1,0,pure,0,0,0,0,0.9999,0,0,0,2.00E-05,NA
14,SRR14632968,none,none,pure?,none,none,none,none,1,0,pure,0,0,0,0,0.9999,0,0,0,2.00E-05,NA
15,SRR14632969,none,none,pure?,none,none,none,none,1,0,pure,0,0,0,0,0.9999,0,0,0,2.00E-05,NA
16,SRR14632970,none,none,pure?,none,none,none,none,1,0,pure,0,0,0,0,0.9999,0,0,0,2.00E-05,NA
17,SRR3244044,none,none,pure?,none,none,none,none,1,0,pure,0,0,0,0,0.9999,0,0,0,2.00E-05,NA
18,SYST-MOR-0006717,hybrid?,none,none,none,hybrid?,none,none,0,2,hybrid,0,0,0.0584,0,0,0,0,0.9416,2.00E-05,IL_HP_MG919_MG
19,SYST-MOR-0006718,none,none,none,none,pure?,none,none,1,0,pure,0,0,0.0529,0,0,0,0,0.947,2.00E-05,IL_HP_MG920_MG
20,SYST-MOR-0006719,none,none,none,none,pure?,none,none,1,0,pure,0,0,0.0486,0,0,0,0,0.9513,2.00E-05,IL_HP_MG921_MG
21,SYST-MOR-0006720,none,none,none,none,none,none,pure?,1,0,pure,0.9999,0,0,0,0,0,0,0,2.00E-05,MO_SH_001_MG
22,SYST-MOR-0006721,none,none,none,pure?,none,none,none,1,0,pure,0,0,0,0,0,0.9106,0.0893,0,0.99994,MO_SH_002_All
23,SYST-MOR-0006722,none,none,none,pure?,none,none,none,1,0,pure,0,0,0,0,0,0.8308,0.1692,0,0.99994,MO_SH_003_All
24,SYST-MOR-0006723,none,none,none,pure?,none,none,none,1,0,pure,0,0,0,0,0,0.9547,0.0452,0,0.99994,MO_SH_004_All
25,SYST-MOR-0006724,none,none,none,pure?,none,none,none,1,0,pure,0,0,0,0,0,0.9474,0.0526,0,0.99994,MO_SH_005_All
26,SYST-MOR-0006725,none,none,none,pure?,none,none,none,1,0,pure,0,0,0,0,0,0.9999,0,0,0.99994,MO_SH_006_All
27,SYST-MOR-0006726,none,none,none,none,none,pure?,none,1,0,pure,0,0.9999,0,0,0,0,0,0,2.00E-05,MO_SH_007_All
28,SYST-MOR-0006727,none,none,none,none,none,pure?,none,1,0,pure,0,0.9999,0,0,0,0,0,0,2.00E-05,MO_SH_008_All
29,SYST-MOR-0006728,none,none,none,none,none,pure?,none,1,0,pure,0,0.9999,0,0,0,0,0,0,2.00E-05,MO_SH_009_All
30,SYST-MOR-0006729,none,none,none,pure?,none,none,none,1,0,pure,0,0,0,0,0,0.1472,0.8528,0,0.99994,IL_MOR_135_MG
31,SYST-MOR-0006730,pure?,none,none,none,none,none,none,1,0,pure,0,0,0.9999,0,0,0,0,0,2.00E-05,IL_MOR_138_MG
32,SYST-MOR-0006731,none,none,none,pure?,none,none,none,1,0,pure,0,0,0,0,0,0.0773,0.9227,0,0.99994,IL_MOR_137_MG
33,SYST-MOR-0006732,pure?,none,none,none,none,none,none,1,0,pure,0,0,0.9999,0,0,0,0,0,2.00E-05,IL_MOR_136_MG
34,SYST-MOR-0006733,none,pure?,none,none,none,none,none,1,0,pure,0,0,0,0.9957,0,0,0.0042,0,0.004231,IL_MOR_139_MG
35,SYST-MOR-0006734,pure?,none,none,none,none,none,none,1,0,pure,0,0,0.9999,0,0,0,0,0,2.00E-05,IL_MOR_140_MG
36,SYST-MOR-0006735,none,none,none,pure?,none,none,none,1,0,pure,0,0,0,0,0.0043,0.2128,0.7829,0,0.995677,IL_MOR_142_MG
37,SYST-MOR-0006736,pure?,none,none,none,none,none,none,1,0,pure,0,0,0.9902,0,0,0.0097,0,0,0.009726,IL_MOR_141_MG
38,SYST-MOR-0006737,none,none,none,pure?,none,none,none,1,0,pure,0,0,0,0,0,0.1702,0.8298,0,0.99994,IL_MOR_143_MG
39,SYST-MOR-0006738,none,none,none,pure?,none,none,none,1,0,pure,0,0,0,0,0,0.2886,0.7114,0,0.99994,IL_MOR_145_MG
40,SYST-MOR-0006739,pure?,none,none,none,none,none,none,1,0,pure,0,0,0.9999,0,0,0,0,0,2.00E-05,IL_MOR_144_MG
41,SYST-MOR-0006740,none,none,none,pure?,none,none,none,1,0,pure,0,0,0,0,0,0.139,0.8609,0,0.99994,IL_MOR_146_MG
42,SYST-MOR-0006741,pure?,none,none,none,none,none,none,1,0,pure,0,0,0.9999,0,0,0,0,0,2.00E-05,IL_MOR_147_MG
43,SYST-MOR-0006742,none,none,none,none,none,none,pure?,1,0,pure,0.9999,0,0,0,0,0,0,0,2.00E-05,MO_SH_010_All
44,SYST-MOR-0006743,pure?,none,none,none,none,none,none,1,0,pure,0,0,0.9999,0,0,0,0,0,2.00E-05,MO_SH_011_All
45,SYST-MOR-0006744,none,none,none,none,none,pure?,none,1,0,pure,0,0.9999,0,0,0,0,0,0,2.00E-05,MO_SH_012_All
46,SYST-MOR-0006745,none,none,none,none,none,pure?,none,1,0,pure,0,0.9999,0,0,0,0,0,0,2.00E-05,MO_SH_013_All
47,SYST-MOR-0006746,pure?,none,none,none,none,none,none,1,0,pure,0,0,0.9999,0,0,0,0,0,2.00E-05,MO_SH_014_All
48,SYST-MOR-0006747,none,none,none,none,none,none,pure?,1,0,pure,0.9999,0,0,0,0,0,0,0,2.00E-05,MO_SH_015_All
49,SYST-MOR-0006748,none,none,none,none,none,none,pure?,1,0,pure,0.9999,0,0,0,0,0,0,0,2.00E-05,MO_SH_016_All
50,SYST-MOR-0006749,none,none,none,none,none,none,pure?,1,0,pure,0.9999,0,0,0,0,0,0,0,2.00E-05,MO_SH_017_All
51,SYST-MOR-0006750,pure?,none,none,none,none,none,none,1,0,pure,0,0,0.9999,0,0,0,0,0,2.00E-05,MO_SH_018_All
52,SYST-MOR-0006751,pure?,none,none,none,none,none,none,1,0,pure,0,0,0.9999,0,0,0,0,0,2.00E-05,MO_SH_019_All
53,SYST-MOR-0006752,pure?,none,none,none,none,none,none,1,0,pure,0,0,0.9999,0,0,0,0,0,2.00E-05,MO_SH_020_All
54,SYST-MOR-0006753,none,none,none,pure?,none,none,none,1,0,pure,0,0,0,0,0,0.9597,0.0402,0,0.999935,IL_OB_021_All
55,SYST-MOR-0006754,none,pure?,none,none,none,none,none,1,0,pure,0,0,0,0.9999,0,0,0,0,2.00E-05,IL_OB_022_All
56,SYST-MOR-0006755,none,none,none,pure?,none,none,none,1,0,pure,0,0,0,0,0,0.9999,0,0,0.99994,IL_OB_023_All
57,SYST-MOR-0006756,none,pure?,none,none,none,none,none,1,0,pure,0,0,0,0.9999,0,0,0,0,2.00E-05,IL_OB_024_All
58,SYST-MOR-0006757,none,pure?,none,none,none,none,none,1,0,pure,0,0,0,0.9999,0,0,0,0,2.00E-05,IL_OB_025_All
59,SYST-MOR-0006758,none,none,none,pure?,none,none,none,1,0,pure,0,0,0,0,0,0.8904,0.1096,0,0.99994,IL_OB_026_All
60,SYST-MOR-0006759,none,none,none,pure?,none,none,none,1,0,pure,0,0,0,0,0,0.9559,0.044,0,0.99994,IL_OB_027_All
61,SYST-MOR-0006760,none,pure?,none,none,none,none,none,1,0,pure,0,0,0,0.9999,0,0,0,0,2.00E-05,IL_OB_028_All
62,SYST-MOR-0006761,none,none,none,pure?,none,none,none,1,0,pure,0,0,0,0.0041,0,0.9839,0.0119,0,0.995815,IL_OB_029_All
63,SYST-MOR-0006762,none,hybrid?,none,hybrid?,none,none,none,0,2,hybrid,0,0,0,0.5201,0,0.4798,0,0,0.479859,IL_OB_030_All
64,SYST-MOR-0006763,none,none,none,pure?,none,none,none,1,0,pure,0,0,0,0,0,0.9999,0,0,0.99994,MO_BOT_031_MG
65,SYST-MOR-0006764,none,none,none,pure?,none,none,none,1,0,pure,0,0,0,0,0,0.9999,0,0,0.999939,MO_BOT_032_MG
66,SYST-MOR-0006765,none,none,none,pure?,none,none,none,1,0,pure,0,0,0,0,0,0.9999,0,0,0.999936,MO_BOT_033_MG
67,SYST-MOR-0006766,none,pure?,none,none,none,none,none,1,0,pure,0,0,0,0.9999,0,0,0,0,2.00E-05,MO_BOT_034_All
68,SYST-MOR-0006767,none,none,none,pure?,none,none,none,1,0,pure,0,0,0,0.0031,0,0.9969,0,0,0.996891,MO_BOT_035_All
69,SYST-MOR-0006768,none,pure?,none,none,none,none,none,1,0,pure,0,0,0,0.9999,0,0,0,0,2.00E-05,MO_BOT_036_All
70,SYST-MOR-0006769,none,none,none,pure?,none,none,none,1,0,pure,0,0,0,0.0381,0,0.9618,0,0,0.961854,MO_BOT_037_All
71,SYST-MOR-0006770,none,none,none,pure?,none,none,none,1,0,pure,0,0,0,0,0,0.9632,0.0367,0,0.99994,MO_BOT_038_All
72,SYST-MOR-0006771,none,none,none,none,pure?,none,none,1,0,pure,0,0,0,0,0,0,0,0.9999,2.00E-05,MO_BOT_039_All
73,SYST-MOR-0006772,none,none,none,pure?,none,none,none,1,0,pure,0,0,0,0.01,0,0.9441,0.0458,0,0.989931,MO_BOT_040_All
74,SYST-MOR-0006773,none,none,none,none,pure?,none,none,1,0,pure,0,0,0,0,0,0,0,0.9999,2.00E-05,MO_BOT_041_All
75,SYST-MOR-0006774,none,none,none,hybrid?,hybrid?,none,none,0,2,hybrid,0,0,0.0583,0,0,0.1245,0,0.8172,0.124475,MO_BOT_042_All
76,SYST-MOR-0006775,none,none,none,pure?,none,none,none,1,0,pure,0,0,0,0,0,0.974,0.0259,0,0.99994,MO_BOT_043_All
77,SYST-MOR-0006776,none,pure?,none,none,none,none,none,1,0,pure,0,0,0,0.9945,0,0.0055,0,0,0.00549,MO_BOT_044_All
78,SYST-MOR-0006777,none,none,none,hybrid?,hybrid?,none,none,0,2,hybrid,0,0,0.0072,0,0,0.8718,0,0.121,0.871804,MO_BOT_045_All
79,SYST-MOR-0006778,none,none,none,pure?,none,none,none,1,0,pure,0,0,0,0,0,0.1086,0.8913,0,0.999935,IA_BSP_046_MG
80,SYST-MOR-0006779,none,none,none,pure?,none,none,none,1,0,pure,0,0,0,0,0,0.0377,0.9622,0,0.99994,IA_BSP_047_MG
81,SYST-MOR-0006780,none,none,none,pure?,none,none,none,1,0,pure,0,0,0,0,0,0.0467,0.9532,0,0.99994,IA_BSP_048_MG
82,SYST-MOR-0006781,none,none,none,pure?,none,none,none,1,0,pure,0,0,0,0,0,0.0533,0.9466,0,0.99994,IA_BSP_049_MG
83,SYST-MOR-0006782,none,none,none,pure?,none,none,none,1,0,pure,0,0,0,0,0,0.1799,0.8201,0,0.99994,IA_BSP_050_MG
84,SYST-MOR-0006783,pure?,none,none,none,none,none,none,1,0,pure,0,0,0.9862,0.0036,0,0,0.0101,0,0.010103,IA_LNW_051_MG
85,SYST-MOR-0006784,pure?,none,none,none,none,none,none,1,0,pure,0,0,0.9999,0,0,0,0,0,2.00E-05,IA_LNW_052_MG
86,SYST-MOR-0006785,pure?,none,none,none,none,none,none,1,0,pure,0,0,0.9999,0,0,0,0,0,2.00E-05,IA_LNW_053_MG
87,SYST-MOR-0006786,pure?,none,none,none,none,none,none,1,0,pure,0,0,0.9999,0,0,0,0,0,2.00E-05,IA_LNW_054_MG
88,SYST-MOR-0006787,none,none,none,none,none,pure?,none,1,0,pure,0,0.9966,0,0,0,0.0034,0,0,0.003373,IA_LNW_055_MG
89,SYST-MOR-0006788,none,none,none,none,none,pure?,none,1,0,pure,0,0.9999,0,0,0,0,0,0,2.00E-05,IA_LNW_056_MG
90,SYST-MOR-0006789,none,none,none,none,none,pure?,none,1,0,pure,0,0.9881,0.0118,0,0,0,0,0,2.00E-05,IA_LNW_057_MG
91,SYST-MOR-0006790,none,none,none,none,none,pure?,none,1,0,pure,0,0.9999,0,0,0,0,0,0,2.00E-05,IA_LNW_058_MG
92,SYST-MOR-0006791,none,none,none,pure?,none,none,none,1,0,pure,0,0,0,0,0,0.2169,0.783,0,0.99994,IA_LNW_059_MG
93,SYST-MOR-0006792,none,none,none,pure?,none,none,none,1,0,pure,0,0,0,0,1.00E-04,0.1785,0.8213,0,0.999857,IA_LNW_060_MG
94,SYST-MOR-0006793,pure?,none,none,none,none,none,none,1,0,pure,0,0,0.9916,0,0.0083,0,0,0,2.00E-05,IA_LNW_061_MG
95,SYST-MOR-0006794,none,none,none,none,none,pure?,none,1,0,pure,0,0.9999,0,0,0,0,0,0,2.00E-05,IA_LNW_062_MG
96,SYST-MOR-0006795,none,none,none,none,none,pure?,none,1,0,pure,0,0.9999,0,0,0,0,0,0,2.30E-05,IA_LNW_063_MG
97,SYST-MOR-0006796,none,pure?,none,none,none,none,none,1,0,pure,0,0,0,0.9999,0,0,0,0,2.00E-05,IA_LNW_064_MG
98,SYST-MOR-0006797,none,pure?,none,none,none,none,none,1,0,pure,0,0,0,0.9668,0,0,0.0332,0,0.033161,IA_LNW_065_MG
99,SYST-MOR-0006798,none,none,none,pure?,none,none,none,1,0,pure,0,0,0,0,0,0.0528,0.9471,0,0.99994,IA_CHP_066_MG
100,SYST-MOR-0006799,none,none,none,pure?,none,none,none,1,0,pure,0,0,0.0044,0,0,0.1306,0.8649,0,0.995545,IA_CHP_067_MG
101,SYST-MOR-0006800,none,pure?,none,hybrid?,none,none,none,1,1,uncertain hybrid,0,0,0,0.9473,0,0,0.0526,0,0.052613,IA_CHP_068_MG
102,SYST-MOR-0006801,none,none,none,pure?,none,none,none,1,0,pure,0,0,0,0,0,0,0.9999,0,0.99994,IA_CHP_069_MG
103,SYST-MOR-0006802,none,none,none,pure?,none,none,none,1,0,pure,0,0,0,0,0,0.1112,0.8887,0,0.99994,IA_CHP_070_MG
104,SYST-MOR-0006803,none,none,none,pure?,none,none,none,1,0,pure,0,0,0,0,0,0.847,0.153,0,0.99994,MO_CSW_071_MGLS
105,SYST-MOR-0006804,none,none,none,pure?,none,none,none,1,0,pure,0,0,0,0.0053,0,0.9946,0,0,0.994631,MO_CSW_072_MGLS
106,SYST-MOR-0006805,none,none,none,pure?,none,none,none,1,0,pure,0,0,0,0,0,0.945,0.0549,0,0.999936,MO_CSW_073_MGLS
107,SYST-MOR-0006806,none,none,none,none,none,none,pure?,1,0,pure,0.9999,0,0,0,0,0,0,0,2.00E-05,MO_TRC_074_MG
108,SYST-MOR-0006807,none,none,none,none,none,pure?,none,1,0,pure,0,0.9999,0,0,0,0,0,0,2.00E-05,MO_TRC_075_MG
109,SYST-MOR-0006808,pure?,none,none,none,none,none,none,1,0,pure,0,0,0.9999,0,0,0,0,0,2.00E-05,MO_TRC_076_MG
110,SYST-MOR-0006809,none,none,none,none,none,pure?,none,1,0,pure,0,0.9862,0.0039,0,0,0.0098,0,0,0.009847,MO_TRC_077_MG
111,SYST-MOR-0006810,pure?,none,none,none,none,none,none,1,0,pure,0,0,0.9999,0,0,0,0,0,2.00E-05,MO_TRC_078_MG
112,SYST-MOR-0006811,none,none,none,none,none,none,pure?,1,0,pure,0.9999,0,0,0,0,0,0,0,2.00E-05,MO_TRC_079_MG
113,SYST-MOR-0006812,none,none,none,none,none,pure?,none,1,0,pure,0,0.9999,0,0,0,0,0,0,2.00E-05,MO_TRC_080_MG
114,SYST-MOR-0006813,none,none,none,none,none,pure?,none,1,0,pure,0,0.9999,0,0,0,0,0,0,2.00E-05,MO_TRC_081_MG
115,SYST-MOR-0006814,none,none,none,none,none,none,pure?,1,0,pure,0.9999,0,0,0,0,0,0,0,2.00E-05,MO_TRC_082_MG
116,SYST-MOR-0006815,none,none,none,none,none,none,pure?,1,0,pure,0.9999,0,0,0,0,0,0,0,2.00E-05,MO_TRC_083_MG
117,SYST-MOR-0006816,none,none,none,none,none,pure?,none,1,0,pure,0,0.9999,0,0,0,0,0,0,2.00E-05,MO_TRC_084_MG
118,SYST-MOR-0006817,pure?,none,none,none,none,none,none,1,0,pure,0,0,0.9999,0,0,0,0,0,2.00E-05,MO_TRC_085_MG
119,SYST-MOR-0006818,none,none,none,none,none,none,pure?,1,0,pure,0.9999,0,0,0,0,0,0,0,2.00E-05,MO_TRC_086_MG
120,SYST-MOR-0006819,pure?,none,none,none,none,none,none,1,0,pure,0,0,0.9999,0,0,0,0,0,2.00E-05,MO_TRC_087_MG
121,SYST-MOR-0006820,pure?,none,none,none,none,none,none,1,0,pure,0,0,0.9999,0,0,0,0,0,2.00E-05,MO_TRC_088_MG
122,SYST-MOR-0006821,none,none,none,pure?,none,none,none,1,0,pure,0,0,0,0,0,0.8768,0.1231,0,0.99994,MO_HHT_089_MG
123,SYST-MOR-0006822,pure?,none,none,none,none,none,none,1,0,pure,0,0,0.9999,0,0,0,0,0,2.00E-05,MO_HHT_090_MG
124,SYST-MOR-0006823,none,none,none,none,none,none,pure?,1,0,pure,0.9999,0,0,0,0,0,0,0,2.00E-05,MO_HHT_091_MG
125,SYST-MOR-0006824,pure?,none,none,none,none,none,none,1,0,pure,0,0,0.9999,0,0,0,0,0,2.00E-05,MO_HHT_092_MG
126,SYST-MOR-0006825,none,none,none,none,none,none,pure?,1,0,pure,0.9999,0,0,0,0,0,0,0,2.00E-05,MO_HHT_093_MG
127,SYST-MOR-0006826,none,none,none,none,none,none,pure?,1,0,pure,0.9999,0,0,0,0,0,0,0,2.00E-05,MO_HHT_094_MG
128,SYST-MOR-0006827,none,none,none,none,none,pure?,none,1,0,pure,0,0.9999,0,0,0,0,0,0,2.00E-05,MO_HHT_095_MG
129,SYST-MOR-0006828,none,none,none,none,none,pure?,none,1,0,pure,0,0.9999,0,0,0,0,0,0,2.30E-05,MO_HHT_096_MG
130,SYST-MOR-0006829,none,none,none,none,none,pure?,none,1,0,pure,0,0.9999,0,0,0,0,0,0,2.00E-05,MO_HHT_097_MG
131,SYST-MOR-0006830,none,none,none,none,none,pure?,none,1,0,pure,0,0.9999,0,0,0,0,0,0,2.00E-05,MO_HHT_098_MG
132,SYST-MOR-0006831,pure?,none,none,none,none,none,none,1,0,pure,0,0,0.9999,0,0,0,0,0,2.00E-05,MO_HHT_099_MG
133,SYST-MOR-0006832,pure?,none,none,none,none,none,none,1,0,pure,0,0,0.9999,0,0,0,0,0,2.00E-05,MO_HHT_100_MG
134,SYST-MOR-0006833,none,none,none,none,none,none,pure?,1,0,pure,0.9999,0,0,0,0,0,0,0,2.00E-05,MO_HHT_101_MG
135,SYST-MOR-0006834,none,none,none,none,none,pure?,none,1,0,pure,0,0.9999,0,0,0,0,0,0,2.00E-05,MO_PSP_MG922_MG
136,SYST-MOR-0006835,none,none,none,none,none,pure?,none,1,0,pure,0,0.9999,0,0,0,0,0,0,2.00E-05,MO_PSP_MG923_MG
137,SYST-MOR-0006836,none,none,none,none,none,none,pure?,1,0,pure,0.9999,0,0,0,0,0,0,0,2.00E-05,MO_PSP_MG924_MG
138,SYST-MOR-0006837,none,none,none,none,none,pure?,none,1,0,pure,0,0.9999,0,0,0,0,0,0,2.00E-05,MO_PSP_MG925_MG
139,SYST-MOR-0006838,none,none,none,none,none,none,pure?,1,0,pure,0.9999,0,0,0,0,0,0,0,2.00E-05,MO_PSP_MG926_MG
140,SYST-MOR-0006839,none,none,none,none,none,pure?,none,1,0,pure,0,0.9957,0.0043,0,0,0,0,0,2.00E-05,MO_PSP_MG927_MG
141,SYST-MOR-0006840,none,none,none,none,none,pure?,none,1,0,pure,0,0.9999,0,0,0,0,0,0,2.00E-05,OK_RRC_106_MG
142,SYST-MOR-0006841,none,none,none,none,none,none,pure?,1,0,pure,0.9999,0,0,0,0,0,0,0,2.00E-05,OK_RRC_107_MG
143,SYST-MOR-0006842,none,none,none,none,none,none,pure?,1,0,pure,0.9999,0,0,0,0,0,0,0,2.00E-05,MG_928
144,SYST-MOR-0006843,none,none,none,none,none,pure?,none,1,0,pure,0,0.9999,0,0,0,0,0,0,2.00E-05,OK_RRC_108_MG
145,SYST-MOR-0006844,none,none,none,pure?,none,none,none,1,0,pure,0,0.0081,0,0,0,0.9242,0.0676,0,0.991833,OK_RRC_109_MG
146,SYST-MOR-0006845,none,none,none,none,none,none,pure?,1,0,pure,0.9999,0,0,0,0,0,0,0,2.90E-05,OK_RRC_110_MG
147,SYST-MOR-0006846,none,none,none,none,none,none,pure?,1,0,pure,0.9903,0,0,0,0,0.0096,0,0,0.009602,OK_RRC_111_MG
148,SYST-MOR-0006847,none,none,none,none,none,none,pure?,1,0,pure,0.9999,0,0,0,0,0,0,0,2.00E-05,OK_RRC_112_MG
149,SYST-MOR-0006848,none,none,hybrid?,none,hybrid?,none,hybrid?,0,3,hybrid,0.8069,0.0147,0,0.0373,0.0667,0,0,0.0743,2.00E-05,OK_RRC_113_MG
150,SYST-MOR-0006849,none,none,none,none,none,pure?,none,1,0,pure,0,0.9933,0,0,0,0,0.0066,0,0.006656,OK_RRC_114_MG
151,SYST-MOR-0006850,none,none,none,none,none,pure?,none,1,0,pure,0.0092,0.9906,2.00E-04,0,0,0,0,0,2.00E-05,OK_RRC_115_MG
152,SYST-MOR-0006851,none,none,none,none,none,pure?,none,1,0,pure,0.0064,0.9935,0,0,0,0,0,0,2.00E-05,OK_RRC_116_MG
153,SYST-MOR-0006852,none,none,none,pure?,none,none,none,1,0,pure,0,0,0,0,0,0.9602,0.0397,0,0.99994,OK_RRC_117_MG
154,SYST-MOR-0006853,none,none,none,pure?,none,none,none,1,0,pure,0,0,0,0,0,0.8151,0.1849,0,0.99994,OK_RRC_118_MG
155,SYST-MOR-0006854,none,none,none,pure?,none,none,none,1,0,pure,0,0,0,0,0,0.8044,0.1956,0,0.99994,OK_RRC_119_MG
156,SYST-MOR-0006855,none,none,none,hybrid?,none,hybrid?,none,0,2,hybrid,0,0.4858,0,0,0,0.4742,0.0399,0,0.514111,OK_RRC_120_MG
157,SYST-MOR-0006856,none,none,none,none,none,none,pure?,1,0,pure,0.9817,0.0054,0,0,0,0,0.0128,0,0.012821,OK_RRC_121_MG
158,SYST-MOR-0006857,none,none,none,pure?,none,none,none,1,0,pure,0,0,0,0,0,0.8837,0.1163,0,0.99994,OK_TGP_122_MG
159,SYST-MOR-0006858,none,none,none,pure?,none,none,none,1,0,pure,0,0,0,0,0,0.9671,0.0328,0,0.99994,OK_TGP_123_MG
160,SYST-MOR-0006859,none,none,none,none,none,none,pure?,1,0,pure,0.9999,0,0,0,0,0,0,0,2.00E-05,OK_TGP_124_MG
161,SYST-MOR-0006860,none,none,none,none,none,pure?,none,1,0,pure,0,0.9999,0,0,0,0,0,0,2.00E-05,OK_TGP_125_MG
162,SYST-MOR-0006861,none,none,none,pure?,none,none,none,1,0,pure,0,0,0,0,0,0.9783,0.0216,0,0.999936,OK_TGP_126_MG
163,SYST-MOR-0006862,none,none,none,pure?,none,none,none,1,0,pure,0,0,0,0,0,0.8564,0.1435,0,0.99994,OK_TGP_127_MG
164,SYST-MOR-0006863,none,none,none,none,none,pure?,none,1,0,pure,0,0.9999,0,0,0,0,0,0,2.00E-05,OK_TGP_128_MG
165,SYST-MOR-0006864,none,none,none,none,none,none,pure?,1,0,pure,0.9999,0,0,0,0,0,0,0,2.00E-05,OK_TGP_129_MG
166,SYST-MOR-0006865,none,none,none,none,none,none,pure?,1,0,pure,0.9999,0,0,0,0,0,0,0,2.00E-05,OK_TGP_130_MG
167,SYST-MOR-0006866,none,none,none,pure?,none,none,none,1,0,pure,0,0,0,0,0,0.948,0.0519,0,0.99994,OK_TGP_131_MG
168,SYST-MOR-0006867,none,none,none,none,none,none,pure?,1,0,pure,0.9999,0,0,0,0,0,0,0,2.20E-05,OK_TGP_132_MG
169,SYST-MOR-0006868,none,none,none,none,none,none,pure?,1,0,pure,0.9999,0,0,0,0,0,0,0,2.00E-05,OK_TGP_133_MG
170,SYST-MOR-0006869,none,none,none,none,none,pure?,none,1,0,pure,0,0.9999,0,0,0,0,0,0,2.00E-05,OK_TGP_134_MG
171,SYST-MOR-0006870,none,none,none,pure?,none,none,none,1,0,pure,0,0,0,0,0,0.9999,0,0,0.99994,TN_BCP_148_MG
172,SYST-MOR-0006871,none,none,none,none,none,pure?,none,1,0,pure,0,0.9999,0,0,0,0,0,0,2.00E-05,TN_BCP_149_MG
173,SYST-MOR-0006872,none,none,none,pure?,none,none,none,1,0,pure,0,0,0,0,0,0.9999,0,0,0.99994,TN_BCP_150_MG
174,SYST-MOR-0006873,none,none,none,pure?,none,none,none,1,0,pure,0,0,0,0,0,0.9999,0,0,0.99994,TN_BCP_151_MG
175,SYST-MOR-0006874,none,none,none,none,none,pure?,none,1,0,pure,0,0.9999,0,0,0,0,0,0,2.00E-05,TN_BCP_152_MG
176,SYST-MOR-0006875,none,none,none,pure?,none,none,none,1,0,pure,0,0,0,0,0,0.9999,0,0,0.99994,TN_BCP_153_MG
177,SYST-MOR-0006876,none,none,none,none,none,pure?,none,1,0,pure,0,0.9999,0,0,0,0,0,0,2.00E-05,TN_BCP_154_MG
178,SYST-MOR-0006877,pure?,none,none,none,none,none,none,1,0,pure,0,0,0.9999,0,0,0,0,0,2.00E-05,TN_BCP_155_MG
179,SYST-MOR-0006878,none,none,none,pure?,none,none,none,1,0,pure,0.0057,0,0,0,0,0.9943,0,0,0.994299,TN_BCP_156_MG
180,SYST-MOR-0006879,pure?,none,none,none,none,none,none,1,0,pure,0,0,0.9999,0,0,0,0,0,2.00E-05,TN_BCP_157_MG
181,SYST-MOR-0006880,none,none,none,none,none,pure?,none,1,0,pure,0,0.9999,0,0,0,0,0,0,2.00E-05,TN_BCP_158_MG
182,SYST-MOR-0006881,pure?,none,none,none,none,none,none,1,0,pure,0,0,0.9999,0,0,0,0,0,2.00E-05,TN_BCP_159_MG
183,SYST-MOR-0006882,none,none,none,none,none,pure?,none,1,0,pure,0,0.9999,0,0,0,0,0,0,2.00E-05,TN_BCP_160_MG
184,SYST-MOR-0006883,pure?,none,none,none,none,none,none,1,0,pure,0,0,0.9999,0,0,0,0,0,2.00E-05,TN_BCP_161_MG
185,SYST-MOR-0006884,pure?,none,none,none,none,none,none,1,0,pure,0,0,0.9999,0,0,0,0,0,2.00E-05,TN_BCP_162_MG
186,SYST-MOR-0006885,none,none,none,none,none,pure?,none,1,0,pure,0,0.9999,0,0,0,0,0,0,2.00E-05,TN_CLP_163_MG
187,SYST-MOR-0006886,none,none,none,none,none,none,pure?,1,0,pure,0.9999,0,0,0,0,0,0,0,2.00E-05,TN_CLP_164_MG
188,SYST-MOR-0006887,none,none,none,none,none,pure?,none,1,0,pure,0,0.9921,0,0,0,0,0.0079,0,0.007875,TN_CLP_165_MG
189,SYST-MOR-0006888,none,none,none,none,none,none,pure?,1,0,pure,0.9999,0,0,0,0,0,0,0,2.00E-05,TN_CLP_166_MG
190,SYST-MOR-0006889,pure?,none,none,none,none,none,none,1,0,pure,0,0,0.9999,0,0,0,0,0,2.00E-05,TN_CLP_167_MG
191,SYST-MOR-0006890,none,none,none,pure?,none,none,none,1,0,pure,0,0,0,0,0,0.8446,0.1554,0,0.99994,KY_LXC_168_MG
192,SYST-MOR-0006891,none,none,none,pure?,none,none,none,1,0,pure,0,0.0043,0,0.0153,0,0.771,0.2093,0,0.980357,KY_LXC_169_MG
193,SYST-MOR-0006892,none,none,none,pure?,none,none,none,1,0,pure,0,0,0,0,0,0.8727,0.1272,0,0.99994,KY_LXC_170_MG
194,SYST-MOR-0006893,none,none,none,pure?,none,none,none,1,0,pure,0,0,0,0,0,0.7883,0.2117,0,0.99994,KY_LXC_171_MG
195,SYST-MOR-0006894,none,none,none,pure?,none,none,none,1,0,pure,0,0,0,0,0,0.695,0.3049,0,0.99994,KY_CSW_172_MG
196,SYST-MOR-0006895,none,none,none,none,none,pure?,none,1,0,pure,0,0.9999,0,0,0,0,0,0,2.00E-05,KY_CSW_173_MG
197,SYST-MOR-0006896,none,none,none,none,none,pure?,none,1,0,pure,0,0.9999,0,0,0,0,0,0,2.00E-05,KY_CSW_174_MG
198,SYST-MOR-0006897,none,none,none,pure?,none,none,none,1,0,pure,0,0,0,0,0,0.7724,0.2276,0,0.99994,KY_BBF_175_MG
199,SYST-MOR-0006898,none,none,none,none,none,pure?,none,1,0,pure,0,0.9999,0,0,0,0,0,0,2.00E-05,KY_BBF_176_MG
200,SYST-MOR-0006899,none,none,none,pure?,none,none,none,1,0,pure,0,0,0,0,0,0.7917,0.2082,0,0.99994,KY_BBF_177_MG
201,SYST-MOR-0006900,none,none,none,none,none,pure?,none,1,0,pure,0,0.992,0,0,0,0,0.0079,0,0.007929,KY_BBF_178_MG
202,SYST-MOR-0006901,none,none,none,none,none,pure?,none,1,0,pure,0,0.9999,0,0,0,0,0,0,2.00E-05,KY_BBF_179_MG
203,SYST-MOR-0006902,none,none,none,none,none,pure?,none,1,0,pure,0,0.9999,0,0,0,0,0,0,2.00E-05,KY_BBF_180_MG
204,SYST-MOR-0006903,none,none,none,pure?,none,none,none,1,0,pure,0,0,0,0,0,0.7783,0.2216,0,0.99994,KY_BBF_181_MG
205,SYST-MOR-0006904,none,none,none,pure?,none,none,none,1,0,pure,0,0,0,0,0,0.7424,0.2575,0,0.99994,KY_BBF_182_MG
206,SYST-MOR-0006905,none,none,none,none,none,pure?,none,1,0,pure,0,0.9999,0,0,0,0,0,0,2.00E-05,KY_BBF_183_MG
207,SYST-MOR-0006906,none,none,none,pure?,none,none,none,1,0,pure,0,0,0,0,0,0.83,0.17,0,0.99994,KY_BBF_184_MG
208,SYST-MOR-0006907,none,none,none,pure?,none,none,none,1,0,pure,0,0,0,0,0,0.8752,0.1248,0,0.99994,KY_ASF_185_MG
209,SYST-MOR-0006908,none,none,none,pure?,none,none,none,1,0,pure,0,0,0,0,0,0.8864,0.1136,0,0.999932,KY_ASF_186_MG
210,SYST-MOR-0006909,none,none,none,pure?,none,none,none,1,0,pure,0,0,0,0,0,0.791,0.209,0,0.99994,KY_ASF_187_MG
211,SYST-MOR-0006910,none,none,none,none,none,pure?,none,1,0,pure,0,0.9999,0,0,0,0,0,0,2.00E-05,KY_ASF_188_MG
212,SYST-MOR-0006911,none,none,none,pure?,none,none,none,1,0,pure,0,0,0,0,0,0.6899,0.31,0,0.99994,KY_ASF_189_MG
213,SYST-MOR-0006912,none,none,none,pure?,none,none,none,1,0,pure,0,0,0,0,0,0.8462,0.1538,0,0.999932,KY_ASF_190_MG
214,SYST-MOR-0006913,none,none,none,none,none,pure?,none,1,0,pure,0,0.9999,0,0,0,0,0,0,2.00E-05,KY_ASF_191_MG
215,SYST-MOR-0006914,none,none,none,none,none,pure?,none,1,0,pure,0,0.9999,0,0,0,0,0,0,2.00E-05,KY_ASF_192_MG
216,SYST-MOR-0006915,none,none,none,none,none,pure?,none,1,0,pure,0,0.9999,0,0,0,0,0,0,2.10E-05,KY_ASF_193_MG
217,SYST-MOR-0006916,none,none,none,none,none,pure?,none,1,0,pure,0,0.9999,0,0,0,0,0,0,2.00E-05,KY_ASF_194_MG
218,SYST-MOR-0006917,none,none,none,none,pure?,none,none,1,0,pure,0,0,0.0072,0,0,0,0,0.9927,2.00E-05,KY_JJA_195_MG
219,SYST-MOR-0006918,none,pure?,none,none,none,none,none,1,0,pure,0,0,0,0.9999,0,0,0,0,2.00E-05,KY_JJA_196_MG
220,SYST-MOR-0006919,none,hybrid?,none,none,hybrid?,none,none,0,2,hybrid,0,0,0.0478,0.4442,0,0,0,0.5079,2.00E-05,KY_JJA_197_MG
221,SYST-MOR-0006920,none,none,none,none,pure?,none,none,1,0,pure,0,0,0,0,0,0,0,0.9999,2.00E-05,KY_JJA_198_MG
222,SYST-MOR-0006921,none,pure?,none,none,none,none,none,1,0,pure,0,0,0,0.9999,0,0,0,0,2.00E-05,KY_JJA_199_MG
223,SYST-MOR-0006922,pure?,none,none,none,none,none,none,1,0,pure,0,0,0.9999,0,0,0,0,0,2.00E-05,KY_JJA_200_MG
224,SYST-MOR-0006923,hybrid?,none,none,none,hybrid?,none,none,0,2,hybrid,0,0,0.5284,0,0,0,0,0.4715,2.00E-05,KY_JJA_201_MG
225,SYST-MOR-0006924,none,none,none,none,pure?,none,none,1,0,pure,0,0,0,0,0,0,0,0.9999,2.00E-05,KY_JJA_202_MG
226,SYST-MOR-0006925,none,pure?,none,none,none,none,none,1,0,pure,0,0,0,0.9999,0,0,0,0,2.00E-05,KY_JJA_203_MG
227,SYST-MOR-0006926,pure?,none,none,none,none,none,none,1,0,pure,0,0.0053,0.9946,0,0,0,0,0,2.00E-05,KY_JJA_204_MG
228,SYST-MOR-0006927,none,pure?,none,none,none,none,none,1,0,pure,0,0,0,0.9999,0,0,0,0,2.00E-05,KY_JJA_205_MG
229,SYST-MOR-0006928,pure?,none,none,none,none,none,none,1,0,pure,0,0,0.9999,0,0,0,0,0,2.00E-05,KY_JJA_206_MG
230,SYST-MOR-0006929,none,none,none,none,none,pure?,none,1,0,pure,0,0.9999,0,0,0,0,0,0,2.00E-05,KY_JJA_207_MG
231,SYST-MOR-0006930,none,none,none,none,none,pure?,none,1,0,pure,0,0.9999,0,0,0,0,0,0,2.00E-05,KY_JJA_208_MG
232,SYST-MOR-0006931,none,none,none,none,none,pure?,none,1,0,pure,0,0.9999,0,0,0,0,0,0,2.00E-05,KY_JJA_209_MG
233,SYST-MOR-0006932,none,none,none,pure?,none,none,none,1,0,pure,0,0,0,0,0,0.9999,0,0,0.99994,KY_GRF_210_MG
234,SYST-MOR-0006933,none,none,none,pure?,none,none,none,1,0,pure,0,0,0,0,0,0.9999,0,0,0.99994,KY_GRF_211_MG
235,SYST-MOR-0006934,none,none,none,pure?,none,none,none,1,0,pure,0,0,0,0,0,0.9331,0.0669,0,0.99994,KY_GRF_212_MG
236,SYST-MOR-0006935,none,none,none,pure?,none,none,none,1,0,pure,0,0,0,0,0,0.9959,0.0041,0,0.999939,KY_GRF_213_MG
237,SYST-MOR-0006936,none,none,none,pure?,none,none,none,1,0,pure,0,0,0,0,0,0.9763,0.0237,0,0.999938,KY_GRF_214_MG
238,SYST-MOR-0006937,none,none,none,pure?,none,none,none,1,0,pure,0.0052,0,0,0,0,0,0.9948,0,0.994793,WI_THB_215_MG
239,SYST-MOR-0006938,pure?,none,none,none,none,none,none,1,0,pure,0,0,0.9999,0,0,0,0,0,2.00E-05,WI_THB_216_MG
240,SYST-MOR-0006939,pure?,none,none,none,none,none,none,1,0,pure,0,0,0.9898,0,0,0,0.0102,0,0.010181,WI_THB_217_MG
241,SYST-MOR-0006940,pure?,none,none,none,none,none,none,1,0,pure,0,0,0.9999,0,0,0,0,0,2.00E-05,WI_THB_218_MG
242,SYST-MOR-0006941,pure?,none,none,none,none,none,none,1,0,pure,0,0,0.9983,0,0,0.0017,0,0,0.001672,WI_THB_219_MG
243,SYST-MOR-0006942,none,none,none,pure?,none,none,none,1,0,pure,0,0,0,0,0,0.0854,0.9146,0,0.99994,WI_THB_220_MG
244,SYST-MOR-0006943,none,none,none,pure?,none,none,none,1,0,pure,0,0,0,0,0,0.0258,0.9741,0,0.99994,MN_PMN_221_MG
245,SYST-MOR-0006944,none,none,none,pure?,none,none,none,1,0,pure,0,0,0,0,0,0,0.9999,0,0.99994,MN_PMN_222_MG
246,SYST-MOR-0006945,none,none,none,pure?,none,none,none,1,0,pure,0,0,0,0,0.0042,0,0.9958,0,0.995785,MN_PMN_223_MG
247,SYST-MOR-0006946,pure?,none,none,none,none,none,none,1,0,pure,0,0,0.9999,0,0,0,0,0,2.00E-05,MN_PMN_224_MG
248,SYST-MOR-0006947,none,none,none,pure?,none,none,none,1,0,pure,0,0,0,0,0,0.0078,0.9921,0,0.99994,MN_PMN_225_MG
249,SYST-MOR-0006948,none,none,none,pure?,none,none,none,1,0,pure,0,0.005,0,0,0,0,0.9949,0,0.994919,MN_PMN_226_MG
250,SYST-MOR-0006949,hybrid?,none,none,hybrid?,none,none,none,0,2,hybrid,0,0,0.5424,0,0,0.024,0.4335,0,0.457533,MN_PMN_227_MG
251,SYST-MOR-0006950,pure?,none,none,none,none,none,none,1,0,pure,0,0,0.996,0,0,0.004,0,0,0.003976,MN_PMN_228_MG
252,SYST-MOR-0006951,hybrid?,none,none,hybrid?,none,none,none,0,2,hybrid,0,0,0.456,0,0,0.0086,0.5353,0,0.543969,WI_PKL_229_MG
253,SYST-MOR-0006952,hybrid?,none,none,hybrid?,none,none,none,0,2,hybrid,0,0,0.5272,0.0042,0,0.0387,0.4299,0,0.468559,WI_PKL_230_MG
254,SYST-MOR-0006953,hybrid?,none,none,hybrid?,none,none,none,0,2,hybrid,0,0,0.9235,0,0,0.0016,0.0749,0,0.076482,WI_PKL_231_MG
255,SYST-MOR-0006954,hybrid?,none,none,hybrid?,none,none,none,0,2,hybrid,0,0,0.1517,0,0,0.0122,0.836,0,0.848248,WI_PKL_232_MG
256,SYST-MOR-0006955,none,none,none,pure?,none,none,none,1,0,pure,0,0,0,0,0,0,0.9999,0,0.99994,WI_PKL_233_MG
257,SYST-MOR-0006956,none,none,none,pure?,none,none,none,1,0,pure,0,0,0,0,0,0,0.9999,0,0.99994,WI_PKL_234_MG
258,SYST-MOR-0006957,none,none,none,pure?,none,none,none,1,0,pure,0,0,0,0,0,0.1065,0.8935,0,0.99994,WI_PKL_235_MG
259,SYST-MOR-0006958,none,none,none,pure?,none,none,none,1,0,pure,0,0,0,0,0,0,0.9999,0,0.99994,WI_PKL_236_MG
260,SYST-MOR-0006959,none,none,none,pure?,none,none,none,1,0,pure,0,0,0,0,0,0,0.9999,0,0.99994,WI_PKL_237_MG
261,SYST-MOR-0006960,none,none,none,pure?,none,none,none,1,0,pure,0,0,0,0,0,0,0.9999,0,0.99994,WI_WFS_238_MG
262,SYST-MOR-0006961,none,none,none,pure?,none,none,none,1,0,pure,0,0,0,0,0,0,0.9999,0,0.99994,WI_WFS_239_MG
263,SYST-MOR-0006962,none,none,none,pure?,none,none,none,1,0,pure,0,0,0,0,0,0.0611,0.9389,0,0.99994,WI_WFS_240_MG
264,SYST-MOR-0006963,none,none,none,pure?,none,none,none,1,0,pure,0,0,0,0,0,0,0.9999,0,0.999938,WI_WFS_241_MG
265,SYST-MOR-0006964,pure?,none,none,none,none,none,none,1,0,pure,0,0.0043,0.9956,0,0,0,0,0,2.20E-05,WI_WFS_242_MG
266,SYST-MOR-0006965,pure?,none,none,none,none,none,none,1,0,pure,0,0,0.9999,0,0,0,0,0,2.00E-05,WI_WFS_243_MG
267,SYST-MOR-0006966,pure?,none,none,none,none,none,none,1,0,pure,0,0,0.9999,0,0,0,0,0,2.50E-05,WI_WFS_244_MG
268,SYST-MOR-0006967,pure?,none,none,none,none,none,none,1,0,pure,0,0,0.9999,0,0,0,0,0,2.00E-05,WI_WFS_247_MG
269,SYST-MOR-0006968,none,none,none,pure?,none,none,none,1,0,pure,0,0,0,0.0072,0,0.0357,0.957,0,0.992732,WI_WFS_248_MG
270,SYST-MOR-0006969,pure?,none,none,none,none,none,none,1,0,pure,0,0,0.9999,0,0,0,0,0,2.00E-05,WI_WFS_249_MG
271,SYST-MOR-0006970,none,pure?,none,none,none,none,none,1,0,pure,0,0,0,0.9999,0,0,0,0,2.00E-05,OH_GLW_250_MG
272,SYST-MOR-0006971,none,pure?,none,none,none,none,none,1,0,pure,0,0,0,0.9999,0,0,0,0,2.00E-05,OH_GLW_251_MG
273,SYST-MOR-0006972,none,none,none,none,none,pure?,none,1,0,pure,0,0.9936,0,0,0,0,0.0063,0,0.006312,OH_GLW_252_MG
274,SYST-MOR-0006973,none,none,none,pure?,none,none,none,1,0,pure,0,0,0,0.015,0,0.4455,0.5395,0,0.984985,OH_GLW_253_MG
275,SYST-MOR-0006974,none,none,none,none,none,pure?,none,1,0,pure,0,0.9999,0,0,0,0,0,0,2.10E-05,OH_GLW_254_MG
276,SYST-MOR-0006975,none,none,none,pure?,none,none,none,1,0,pure,0,0,0,0.0145,0,0.4294,0.5561,0,0.985478,OH_GLW_255_MG
277,SYST-MOR-0006976,pure?,none,none,none,none,none,none,1,0,pure,0,0,0.9773,0,0,0,0.0227,0,0.022683,OH_GLW_256_MG
278,SYST-MOR-0006977,none,none,none,pure?,none,none,none,1,0,pure,0,0,0.0026,0,0,0.2952,0.7022,0,0.997373,OH_GLW_257_MG
279,SYST-MOR-0006978,pure?,none,none,none,none,none,none,1,0,pure,0,0.0058,0.9941,0,0,0,0,0,2.00E-05,OH_GLW_258_MG
280,SYST-MOR-0006979,none,none,none,pure?,none,none,none,1,0,pure,0,0,0,0.0056,0,0.2073,0.7871,0,0.994362,OH_GLW_259_MG
281,SYST-MOR-0006980,none,none,none,pure?,none,none,none,1,0,pure,0,4.00E-04,0.0064,0,0,0.3228,0.6704,0,0.99321,OH_GLW_260_MG
282,SYST-MOR-0006981,none,none,none,none,none,pure?,none,1,0,pure,0,0.9999,0,0,0,0,0,0,2.20E-05,OH_GLW_261_MG
283,SYST-MOR-0006982,pure?,none,none,none,none,none,none,1,0,pure,0,0,0.9892,0,0,0,0,0.0107,2.00E-05,OH_GLW_262_MG
284,SYST-MOR-0006983,none,none,none,none,none,pure?,none,1,0,pure,0,0.9999,0,0,0,0,0,0,2.00E-05,OH_GLW_263_MG
285,SYST-MOR-0006984,pure?,none,none,none,none,none,none,1,0,pure,0,0,0.9999,0,0,0,0,0,2.00E-05,OH_GLW_264_MG
286,SYST-MOR-0006985,none,none,none,none,none,pure?,none,1,0,pure,0,0.9658,0,0,0,0.0342,0,0,0.03416,MI_PRA_265_MG
287,SYST-MOR-0006986,none,none,none,none,none,pure?,none,1,0,pure,0,0.9755,0,0,0,0,0.0245,0,0.024462,MI_PRA_266_MG
288,SYST-MOR-0006987,none,none,none,none,none,pure?,none,1,0,pure,0,0.9934,0,0,0,0,0.0065,0,0.006552,MI_PRA_267_MG
289,SYST-MOR-0006988,none,none,none,none,none,pure?,none,1,0,pure,0,0.9752,0,0,0,0.0248,0,0,0.024766,MI_PRA_268_MG
290,SYST-MOR-0006989,pure?,none,none,none,none,none,none,1,0,pure,0,0,0.9928,0.0072,0,0,0,0,2.00E-05,MI_PRA_269_MG
291,SYST-MOR-0006990,none,none,none,none,none,pure?,none,1,0,pure,0,0.9675,0,0,0,0.0325,0,0,0.032474,MI_PRA_270_MG
292,SYST-MOR-0006991,pure?,none,none,none,none,none,none,1,0,pure,0,0,0.9941,0,0,0.0059,0,0,0.005869,MI_PRA_271_MG
293,SYST-MOR-0006992,pure?,none,none,none,none,none,none,1,0,pure,0,0,0.9999,0,0,0,0,0,2.10E-05,MI_PRA_272_MG
294,SYST-MOR-0006993,pure?,none,none,none,none,none,none,1,0,pure,0,0.0046,0.9954,0,0,0,0,0,2.00E-05,MI_PRA_273_MG
295,SYST-MOR-0006994,none,pure?,none,none,none,none,none,1,0,pure,0,0,0,0.9999,0,0,0,0,2.00E-05,MI_PRA_274_MG
296,SYST-MOR-0006995,none,pure?,none,none,none,none,none,1,0,pure,0,0,0,0.9837,0,0.0162,0,0,0.016205,MI_PRA_275_MG
297,SYST-MOR-0006996,none,pure?,none,none,none,none,none,1,0,pure,0,0,0,0.9797,0,0,0.0202,0,0.020207,MI_PRA_276_MG
298,SYST-MOR-0006997,none,pure?,none,none,none,none,none,1,0,pure,0,0,0,0.986,0,0,0.014,0,0.013964,MI_PRA_277_MG
299,SYST-MOR-0006998,hybrid?,none,none,hybrid?,none,none,none,0,2,hybrid,0,0,0.4929,0.0028,0.0033,0.1183,0.3826,0,0.500904,MI_PRA_278_MG
300,SYST-MOR-0006999,none,none,none,pure?,none,none,none,1,0,pure,0,0,0,0.0047,0,0.1623,0.8329,0,0.995231,MI_PRA_279_MG
301,SYST-MOR-0007000,pure?,none,none,none,none,none,none,1,0,pure,0,0,0.9999,0,0,0,0,0,2.00E-05,MI_PRA_280_MG
302,SYST-MOR-0007001,none,none,none,pure?,none,none,none,1,0,pure,0,0,0,0,0,0.1633,0.8366,0,0.99994,MI_PRA_281_MG
303,SYST-MOR-0007002,none,none,none,pure?,none,none,none,1,0,pure,0,0,0,0,0,0.3133,0.6866,0,0.99994,MI_PRA_282_MG
304,SYST-MOR-0007003,none,none,none,pure?,none,none,none,1,0,pure,0,0,0,0,0,0.0916,0.9084,0,0.999935,MI_PRA_283_MG
305,SYST-MOR-0007004,none,pure?,none,none,none,none,none,1,0,pure,0,0,0,0.9999,0,0,0,0,2.00E-05,MI_LLP_284_MG
306,SYST-MOR-0007005,pure?,none,none,none,none,none,none,1,0,pure,0,0,0.9999,0,0,0,0,0,2.00E-05,MI_LLP_285_MG
307,SYST-MOR-0007006,none,hybrid?,none,hybrid?,none,none,none,0,2,hybrid,0,0,0,0.9204,0,0,0.0795,0,0.079549,MI_LLP_286_MG
308,SYST-MOR-0007007,pure?,none,none,none,none,none,none,1,0,pure,0,0,0.9999,0,0,0,0,0,2.00E-05,MI_LLP_287_MG
309,SYST-MOR-0007008,none,pure?,none,none,none,none,none,1,0,pure,0,0,0,0.9999,0,0,0,0,2.00E-05,MI_LLP_288_MG
310,SYST-MOR-0007009,pure?,none,none,none,none,none,none,1,0,pure,0,0.0061,0.9869,0,0,0,0.0069,0,0.006957,MI_LLP_289_MG
311,SYST-MOR-0007010,none,hybrid?,none,hybrid?,none,none,none,0,2,hybrid,0,0,0,0.8992,0,0.0215,0.0793,0,0.100783,MI_LLP_290_MG
312,SYST-MOR-0007011,pure?,none,none,none,none,none,none,1,0,pure,0,0,0.9944,0,0,0.0055,0,0,0.005503,MI_LLP_291_MG
313,SYST-MOR-0007012,none,pure?,none,none,none,none,none,1,0,pure,0,0,0,0.9999,0,0,0,0,2.00E-05,MI_LLP_292_MG
314,SYST-MOR-0007013,pure?,none,none,none,none,none,none,1,0,pure,0,0,0.9999,0,0,0,0,0,2.00E-05,MI_LLP_293_MG
315,SYST-MOR-0007014,none,hybrid?,none,pure?,none,none,none,1,1,uncertain hybrid,0,0,0,0.0218,0,0.2739,0.7043,0,0.978191,MI_LLP_294_MG
316,SYST-MOR-0007015,none,none,none,none,none,pure?,none,1,0,pure,0,0.9999,0,0,0,0,0,0,2.00E-05,KS_SMP_295_MG
317,SYST-MOR-0007016,none,none,none,pure?,none,none,none,1,0,pure,0.0041,0,0,0,0,0.613,0.3829,0,0.995869,KS_SMP_296_MG
318,SYST-MOR-0007017,none,none,none,none,none,pure?,none,1,0,pure,0,0.9999,0,0,0,0,0,0,2.00E-05,KS_SMP_297_MG
319,SYST-MOR-0007018,none,none,none,pure?,none,none,none,1,0,pure,0,0,0,0,0,0.6504,0.3496,0,0.99994,KS_SMP_298_MG
320,SYST-MOR-0007019,none,none,none,none,none,none,pure?,1,0,pure,0.9999,0,0,0,0,0,0,0,2.00E-05,KS_SMP_299_MG
321,SYST-MOR-0007020,none,none,none,pure?,none,none,none,1,0,pure,0,0,0,0,0,0.6454,0.3545,0,0.999933,KS_SMP_300_MG
322,SYST-MOR-0007021,none,none,none,none,none,pure?,none,1,0,pure,0,0.9999,0,0,0,0,0,0,2.00E-05,KS_SMP_301_MG
323,SYST-MOR-0007022,none,none,none,pure?,none,none,none,1,0,pure,0,0,0,0,0,0.689,0.311,0,0.999939,KS_SMP_302_MG
324,SYST-MOR-0007023,none,none,none,none,none,pure?,none,1,0,pure,0,0.9999,0,0,0,0,0,0,2.00E-05,KS_SMP_303_MG
325,SYST-MOR-0007024,none,none,none,pure?,none,none,none,1,0,pure,0,0,0,0,0,0.8223,0.1776,0,0.99994,KS_SMP_304_MG
326,SYST-MOR-0007025,none,none,none,none,none,pure?,none,1,0,pure,0,0.9999,0,0,0,0,0,0,2.00E-05,KS_SMP_305_MG
327,SYST-MOR-0007026,none,none,none,none,none,none,pure?,1,0,pure,0.9898,0,0,0,0,0,0.0101,0,0.010147,KS_SMP_306_MG
328,SYST-MOR-0007027,none,none,none,none,none,none,pure?,1,0,pure,0.9999,0,0,0,0,0,0,0,2.00E-05,KS_SMP_307_MG
329,SYST-MOR-0007028,none,none,none,none,none,none,pure?,1,0,pure,0.9999,0,0,0,0,0,0,0,2.00E-05,KS_SMP_308_MG
330,SYST-MOR-0007029,none,none,none,none,none,none,pure?,1,0,pure,0.9999,0,0,0,0,0,0,0,2.00E-05,KS_SMP_309_MG
331,SYST-MOR-0007030,pure?,none,none,none,none,none,none,1,0,pure,0,0,0.9999,0,0,0,0,0,2.00E-05,KS_SMP_310_MG
332,SYST-MOR-0007031,pure?,none,none,none,none,none,none,1,0,pure,0,0,0.9999,0,0,0,0,0,2.00E-05,KS_SMP_311_MG
333,SYST-MOR-0007032,pure?,none,none,none,none,none,none,1,0,pure,0,0,0.9999,0,0,0,0,0,2.00E-05,KS_SMP_312_MG
334,SYST-MOR-0007033,pure?,none,none,none,none,none,none,1,0,pure,0,0,0.9999,0,0,0,0,0,2.00E-05,KS_SMP_313_MG
335,SYST-MOR-0007034,pure?,none,none,none,none,none,none,1,0,pure,0,0,0.9999,0,0,0,0,0,2.00E-05,KS_SMP_314_MG
336,SYST-MOR-0007035,none,none,none,none,none,pure?,none,1,0,pure,0,0.9999,0,0,0,0,0,0,2.00E-05,KS_KCP_315_MG
337,SYST-MOR-0007036,none,none,none,none,none,pure?,none,1,0,pure,0,0.9999,0,0,0,0,0,0,2.00E-05,KS_KCP_316_MG
338,SYST-MOR-0007037,none,none,none,pure?,none,none,none,1,0,pure,0,0,0,0,0,0.7662,0.2338,0,0.99994,KS_KZP_317_MG
339,SYST-MOR-0007038,none,none,none,pure?,none,none,none,1,0,pure,0,0.002,0,0,0,0.5927,0.4052,0,0.997929,KS_KZP_318_MG
340,SYST-MOR-0007039,none,none,none,none,none,pure?,none,1,0,pure,0,0.9999,0,0,0,0,0,0,2.00E-05,KS_KZP_319_MG
341,SYST-MOR-0007040,none,none,none,pure?,none,none,none,1,0,pure,0,0.0092,0,0,0,0.5811,0.4097,0,0.990789,KS_KZP_320_MG
342,SYST-MOR-0007041,none,none,none,none,none,pure?,none,1,0,pure,0,0.9999,0,0,0,0,0,0,2.00E-05,KS_KZP_321_MG
343,SYST-MOR-0007042,none,none,none,pure?,none,none,none,1,0,pure,0,0,0,0,0,0.6786,0.3213,0,0.99994,KS_KZP_322_MG
344,SYST-MOR-0007043,none,none,none,none,none,pure?,none,1,0,pure,0,0.9999,0,0,0,0,0,0,2.00E-05,KS_KZP_323_MG
345,SYST-MOR-0007044,none,none,none,none,none,pure?,none,1,0,pure,0,0.9999,0,0,0,0,0,0,2.00E-05,KS_KZP_324_MG
346,SYST-MOR-0007045,none,none,none,pure?,none,none,none,1,0,pure,0,0,0,0,0,0.5269,0.473,0,0.99994,KS_KZP_325_MG
347,SYST-MOR-0007046,none,none,none,none,none,pure?,none,1,0,pure,0,0.9999,0,0,0,0,0,0,2.00E-05,KS_KZP_326_MG
348,SYST-MOR-0007047,none,hybrid?,none,hybrid?,none,none,none,0,2,hybrid,0,0,0,0.6945,0,0.0661,0.2394,0,0.305473,NY_BIP_327_MG
349,SYST-MOR-0007048,none,hybrid?,none,hybrid?,none,none,none,0,2,hybrid,0,0,0,0.089,0,0.1959,0.7151,0,0.910982,NY_BIP_328_MG
350,SYST-MOR-0007049,none,hybrid?,none,pure?,none,none,none,1,1,uncertain hybrid,0,0,0,0.0255,0,0.2705,0.7039,0,0.974423,NY_BIP_329_MG
351,SYST-MOR-0007050,none,hybrid?,none,hybrid?,none,none,none,0,2,hybrid,0,0,0,0.5176,0,0.1007,0.3816,0,0.482306,NY_BIP_330_MG
352,SYST-MOR-0007051,pure?,none,none,none,none,none,none,1,0,pure,0,0,0.9999,0,0,0,0,0,2.00E-05,NY_BIP_331_MG
353,SYST-MOR-0007052,hybrid?,hybrid?,none,none,none,none,none,0,2,hybrid,0,0,0.258,0.7059,0,0,0.0361,0,0.036105,NY_BIP_332_MG
354,SYST-MOR-0007053,pure?,none,none,none,none,none,none,1,0,pure,0,0,0.9999,0,0,0,0,0,2.00E-05,NY_BIP_333_MG
355,SYST-MOR-0007054,pure?,none,none,none,none,none,none,1,0,pure,0,0,0.9767,0,0,0,0.0232,0,0.023231,NY_BIP_334_MG
356,SYST-MOR-0007055,none,hybrid?,none,hybrid?,none,none,none,0,2,hybrid,0,0,0,0.7741,0,0.0207,0.2052,0,0.225856,NY_BIP_335_MG
357,SYST-MOR-0007056,none,hybrid?,none,hybrid?,none,none,none,0,2,hybrid,0,0,0,0.4868,0,0.0603,0.4528,0,0.513132,NY_BIP_336_MG
358,SYST-MOR-0007057,none,pure?,none,none,none,none,none,1,0,pure,0,0,0,0.9724,0,0,0.0276,0,0.027581,NY_BIP_337_MG
359,SYST-MOR-0007058,hybrid?,none,none,hybrid?,none,none,none,0,2,hybrid,0,0,0.5239,0.0097,0,0.0208,0.4456,0,0.466325,NY_BIP_338_MG
360,SYST-MOR-0007059,none,pure?,none,none,none,none,none,1,0,pure,0,0,0,0.9627,0,0,0.0372,0,0.037216,NY_BIP_339_MG
361,SYST-MOR-0007060,none,pure?,none,hybrid?,none,none,none,1,1,uncertain hybrid,0,0,0,0.9308,0,0,0.0691,0,0.069102,NY_BIP_340_MG
362,SYST-MOR-0007061,pure?,none,none,none,none,none,none,1,0,pure,0,0,0.9999,0,0,0,0,0,2.00E-05,NY_SSP_341_MG
363,SYST-MOR-0007062,pure?,none,none,none,none,none,none,1,0,pure,0,0,0.9999,0,0,0,0,0,2.00E-05,NY_SSP_342_MG
364,SYST-MOR-0007063,pure?,none,none,none,none,none,none,1,0,pure,0,0,0.9999,0,0,0,0,0,2.00E-05,NY_SSP_343_MG
365,SYST-MOR-0007064,pure?,none,none,none,none,none,none,1,0,pure,0,0,0.9905,0,0,0,0.0094,0,0.009427,NY_SSP_344_MG
366,SYST-MOR-0007065,pure?,none,none,none,none,none,none,1,0,pure,0,0,0.9999,0,0,0,0,0,2.00E-05,NY_SSP_345_MG
367,SYST-MOR-0007066,none,none,none,pure?,none,none,none,1,0,pure,0,0.0056,0,0.0068,0,0.1044,0.8832,0,0.987598,NY_SSP_346_MG
368,SYST-MOR-0007067,none,hybrid?,none,hybrid?,none,hybrid?,none,0,3,hybrid,0,0.1902,0,0.1235,0,0.094,0.5922,0,0.686284,NY_SSP_347_MG
369,SYST-MOR-0007068,none,hybrid?,none,hybrid?,none,none,none,0,2,hybrid,0,0,0,0.801,0,0,0.1989,0,0.198956,NY_SSP_348_MG
370,SYST-MOR-0007069,none,none,none,pure?,none,none,none,1,0,pure,0,0,0,0.0366,0,0.1454,0.8179,0,0.963318,NY_SSP_349_MG
371,SYST-MOR-0007070,none,none,none,pure?,none,none,none,1,0,pure,0,0,0,0.0245,0.0023,0.2125,0.7607,0,0.973148,NY_SSP_350_MG
372,SYST-MOR-0007071,none,none,none,pure?,none,none,none,1,0,pure,0,0,0,0.0113,0,0,0.9886,0,0.988658,NY_CMB_351_MG
373,SYST-MOR-0007072,none,none,none,pure?,none,none,none,1,0,pure,0,0,0,0,0,0.0391,0.9609,0,0.999939,NY_CMB_352_MG
374,SYST-MOR-0007073,none,none,none,pure?,none,none,none,1,0,pure,0,0,0,0,0,0,0.9999,0,0.999938,NY_CMB_353_MG
375,SYST-MOR-0007074,none,hybrid?,none,pure?,none,none,none,1,1,uncertain hybrid,0,0,0,0.0322,0,0.0476,0.9202,0,0.967737,NY_CMB_354_MG
376,SYST-MOR-0007075,pure?,none,none,none,none,none,none,1,0,pure,0,0,0.9765,0,0,0,0.0235,0,0.023496,NY_CMB_355_MG
377,SYST-MOR-0007076,none,hybrid?,none,hybrid?,none,none,none,0,2,hybrid,0,0,0,0.0802,0,0.053,0.8668,0,0.91977,NY_CMB_356_MG
378,SYST-MOR-0007077,hybrid?,none,none,hybrid?,none,none,none,0,2,hybrid,0,0,0.4925,0.0073,0,0,0.5002,0,0.50021,NY_CMB_357_MG
379,SYST-MOR-0007078,hybrid?,none,none,hybrid?,none,none,none,0,2,hybrid,0,0,0.879,0,0,0,0.1209,0,0.120957,NY_CMB_358_MG
380,SYST-MOR-0007079,pure?,none,none,none,none,none,none,1,0,pure,0,0,0.9936,0,0,0.0063,0,0,0.006347,NY_CMB_359_MG
381,SYST-MOR-0007080,pure?,none,none,none,none,none,none,1,0,pure,0,0,0.9999,0,0,0,0,0,2.20E-05,NY_CMB_360_MG
382,SYST-MOR-0007081,pure?,none,none,none,none,none,none,1,0,pure,0,0,0.9999,0,0,0,0,0,2.00E-05,VT_DHT_361_MG
383,SYST-MOR-0007082,hybrid?,none,none,hybrid?,none,none,none,0,2,hybrid,0,0,0.1571,0.0193,0,0.1059,0.7177,0,0.823615,VT_DHT_362_MG
384,SYST-MOR-0007083,hybrid?,hybrid?,none,hybrid?,none,none,none,0,3,hybrid,0,0,0.1723,0.148,0,0,0.6797,0,0.679678,VT_DHT_363_MG
385,SYST-MOR-0007084,pure?,none,none,none,none,none,none,1,0,pure,0,0,0.9999,0,0,0,0,0,2.00E-05,VT_DHT_364_MG
386,SYST-MOR-0007085,hybrid?,none,none,hybrid?,none,none,none,0,2,hybrid,0,0,0.0895,0.0389,0,0.0631,0.8084,0,0.871589,VT_DHT_365_MG
387,SYST-MOR-0007086,none,hybrid?,none,hybrid?,none,none,none,0,2,hybrid,0,0,0,0.0632,0,0.0119,0.9248,0,0.936757,VT_DHT_366_MG
388,SYST-MOR-0007087,pure?,none,none,none,none,none,none,1,0,pure,0,0,0.9999,0,0,0,0,0,2.00E-05,VT_DHT_367_MG
389,SYST-MOR-0007088,none,none,none,pure?,none,none,none,1,0,pure,0,0,0,0.0315,0,0.0343,0.9341,0,0.968457,VT_DHT_368_MG
390,SYST-MOR-0007089,pure?,none,none,none,none,none,none,1,0,pure,0,0,0.9999,0,0,0,0,0,2.10E-05,VT_DHT_369_MG
391,SYST-MOR-0007090,none,none,none,none,pure?,none,none,1,0,pure,0,0,0,0,0,0,0,0.9999,2.00E-05,NY_BKF_370_MG
392,SYST-MOR-0007091,pure?,none,none,none,none,none,none,1,0,pure,0,0,0.9999,0,0,0,0,0,2.00E-05,NY_BKF_371_MG
393,SYST-MOR-0007092,none,none,none,none,pure?,none,none,1,0,pure,0,0,0,0,0,0,0,0.9999,2.00E-05,NY_BKF_372_MG
394,SYST-MOR-0007093,none,none,none,none,pure?,none,none,1,0,pure,0,0,0,0,0,0,0,0.9999,2.00E-05,NY_BKF_373_MG
395,SYST-MOR-0007094,none,none,none,none,pure?,none,none,1,0,pure,0,0,0,0,0,0,0,0.9999,2.00E-05,NY_BKF_374_MG
396,SYST-MOR-0007095,none,none,none,none,pure?,none,none,1,0,pure,0,0,0,0,0,0,0,0.9999,2.00E-05,NY_BKF_375_MG
397,SYST-MOR-0007096,none,none,none,hybrid?,none,hybrid?,none,0,2,hybrid,0,0.9098,0.0214,0,0,0.0331,0.0356,0,0.068681,NY_APB_377_MG
398,SYST-MOR-0007097,pure?,none,none,none,none,none,none,1,0,pure,0,0,0.9999,0,0,0,0,0,2.00E-05,NY_APB_376_MG
399,SYST-MOR-0007098,none,none,none,hybrid?,none,hybrid?,none,0,2,hybrid,0,0.9287,0.0204,0,0,0.0447,0.0061,0,0.050791,NY_APB_378_MG
400,SYST-MOR-0007099,none,none,none,none,none,pure?,none,1,0,pure,0,0.9734,0,0,0,0.001,0.0255,0,0.026524,NY_APB_379_MG
401,SYST-MOR-0007100,none,none,none,hybrid?,none,hybrid?,none,0,2,hybrid,0,0.8989,0.0276,0,0,0.0613,0.0121,0,0.073413,NY_APB_380_MG
402,SYST-MOR-0007101,pure?,none,none,none,none,none,none,1,0,pure,0,0,0.9999,0,0,0,0,0,2.00E-05,NY_APB_381_MG
403,SYST-MOR-0007102,pure?,none,none,none,none,none,none,1,0,pure,0,0,0.9999,0,0,0,0,0,2.00E-05,NY_APB_382_MG
404,SYST-MOR-0007103,pure?,none,none,none,none,none,none,1,0,pure,0,0,0.9999,0,0,0,0,0,2.00E-05,NY_APB_383_MG
405,SYST-MOR-0007104,hybrid?,none,none,hybrid?,none,hybrid?,none,0,3,hybrid,0,0.9114,0.0392,0,0,0.0069,0.0425,0,0.049382,NY_APB_384_MG
406,SYST-MOR-0007105,pure?,none,none,none,none,none,none,1,0,pure,0,0,0.9999,0,0,0,0,0,2.20E-05,NY_BKF_385_MG
407,SYST-MOR-0007106,none,none,none,none,none,pure?,none,1,0,pure,0,0.9833,0,0,0,0.0167,0,0,0.016675,MA_BTC_386_MG
408,SYST-MOR-0007107,none,none,none,none,none,pure?,none,1,0,pure,0,0.9943,0,0,0,0,0.0057,0,0.005667,MA_BTC_387_MG
409,SYST-MOR-0007108,none,none,none,none,none,pure?,none,1,0,pure,0,0.9916,0,0,0,0.0083,0,0,0.008321,MA_BTC_388_MG
410,SYST-MOR-0007109,pure?,none,none,none,none,none,none,1,0,pure,0,0.0042,0.9957,0,0,0,0,0,2.00E-05,MA_BTC_389_MG
411,SYST-MOR-0007110,none,none,none,none,none,pure?,none,1,0,pure,0,0.988,0,0,0,0,0.012,0,0.011976,MA_BTC_390_MG
412,SYST-MOR-0007111,none,none,none,none,none,pure?,none,1,0,pure,0,0.9947,0,0,0,0,0.0053,0,0.005272,MA_BTC_391_MG
413,SYST-MOR-0007112,none,hybrid?,none,hybrid?,none,none,none,0,2,hybrid,0,0,0.008,0.0816,0,0.1155,0.7948,0,0.91031,MA_BTC_392_MG
414,SYST-MOR-0007113,pure?,none,none,none,none,none,none,1,0,pure,0,0,0.9999,0,0,0,0,0,2.00E-05,MA_BTC_393_MG
415,SYST-MOR-0007114,hybrid?,none,none,hybrid?,none,none,none,0,2,hybrid,0,0,0.0636,0.0206,0,0.1705,0.7452,0,0.915705,MA_NMK_394_MG
416,SYST-MOR-0007115,none,none,none,pure?,none,none,none,1,0,pure,0,0,0,0.0281,0,0.0901,0.8818,0,0.971851,MA_NMK_395_MG
417,SYST-MOR-0007116,none,none,none,pure?,none,none,none,1,0,pure,0,0,0,0.0221,0,0.0384,0.9394,0,0.977871,MA_NMK_396_MG
418,SYST-MOR-0007117,none,hybrid?,none,hybrid?,none,none,none,0,2,hybrid,0,0,0,0.0435,0,0.0936,0.8629,0,0.956488,MA_NMK_397_MG
419,SYST-MOR-0007118,none,none,none,pure?,none,none,none,1,0,pure,0,0.0037,0.0053,0.0194,0,0,0.9715,0,0.971536,MA_NMK_398_MG
420,SYST-MOR-0007119,none,hybrid?,none,hybrid?,none,none,none,0,2,hybrid,0,0,0,0.1044,0,0.0721,0.8235,0,0.895572,MA_LKN_399_MG
421,SYST-MOR-0007120,pure?,none,none,none,none,none,none,1,0,pure,0,0,0.9999,0,0,0,0,0,2.00E-05,MA_LKN_400_MG
422,SYST-MOR-0007121,pure?,none,none,none,none,none,none,1,0,pure,0,0,0.9999,0,0,0,0,0,2.00E-05,MA_LKN_401_MG
423,SYST-MOR-0007122,pure?,none,none,none,none,none,none,1,0,pure,0,0,0.9999,0,0,0,0,0,2.00E-05,MA_LKN_402_MG
424,SYST-MOR-0007123,none,hybrid?,none,hybrid?,none,none,none,0,2,hybrid,0,0,0,0.0573,0,0.1533,0.7893,0,0.94267,MA_SBF_403_MG
425,SYST-MOR-0007124,none,hybrid?,none,hybrid?,none,none,none,0,2,hybrid,0,0,0.0073,0.2172,0,0.0921,0.6834,0,0.775548,MA_SBF_404_MG
426,SYST-MOR-0007125,pure?,none,none,none,none,none,none,1,0,pure,0,0,0.9999,0,0,0,0,0,2.00E-05,MA_SBF_405_MG
427,SYST-MOR-0007126,none,hybrid?,none,pure?,none,none,none,1,1,uncertain hybrid,0,0,0,0.0367,0,0.1029,0.8604,0,0.963295,MA_SBF_406_MG
428,SYST-MOR-0007127,none,hybrid?,none,hybrid?,none,none,none,0,2,hybrid,0,0,0.0063,0.104,0,0.0925,0.7972,0,0.889656,MA_SBF_407_MG
429,SYST-MOR-0007128,pure?,none,none,none,none,none,none,1,0,pure,0,0,0.9999,0,0,0,0,0,2.00E-05,MA_SBF_408_MG
430,SYST-MOR-0007129,none,pure?,none,none,none,none,none,1,0,pure,0,0,0,0.9999,0,0,0,0,2.00E-05,AR_BRP_409_MG
431,SYST-MOR-0007130,none,none,none,pure?,none,none,none,1,0,pure,0,0,0,0,0,0.9999,0,0,0.99994,AR_BRP_410_MG
432,SYST-MOR-0007131,none,none,none,none,none,none,pure?,1,0,pure,0.9999,0,0,0,0,0,0,0,2.00E-05,AR_BRP_411_MG
433,SYST-MOR-0007132,none,none,none,pure?,none,none,none,1,0,pure,0,0,0,0,0,0.9999,0,0,0.99994,AR_BRP_412_MG
434,SYST-MOR-0007133,none,none,none,none,none,none,pure?,1,0,pure,0.9999,0,0,0,0,0,0,0,2.00E-05,AR_BRP_413_MG
435,SYST-MOR-0007134,none,pure?,none,none,none,none,none,1,0,pure,0,0,0,0.9999,0,0,0,0,2.00E-05,AR_BRP_414_MG
436,SYST-MOR-0007135,pure?,none,none,none,none,none,none,1,0,pure,0,0,0.9999,0,0,0,0,0,2.00E-05,AR_BRP_415_MG
437,SYST-MOR-0007136,none,none,none,none,none,none,pure?,1,0,pure,0.9999,0,0,0,0,0,0,0,2.00E-05,AR_BRP_416_MG
438,SYST-MOR-0007137,none,hybrid?,none,pure?,none,none,none,1,1,uncertain hybrid,0,0,0,0.0243,0,0.9545,0.0212,0,0.975677,AR_BRP_417_MG
439,SYST-MOR-0007138,none,pure?,none,none,none,none,none,1,0,pure,0,0,0,0.9999,0,0,0,0,2.00E-05,AR_BRP_418_MG
440,SYST-MOR-0007139,none,none,none,none,none,none,pure?,1,0,pure,0.9999,0,0,0,0,0,0,0,2.00E-05,AR_BRP_419_MG
441,SYST-MOR-0007140,pure?,none,none,none,none,none,none,1,0,pure,0,0,0.9999,0,0,0,0,0,2.00E-05,AR_BRP_420_MG
442,SYST-MOR-0007141,none,none,none,none,none,pure?,none,1,0,pure,0,0.9999,0,0,0,0,0,0,2.00E-05,AR_BRP_421_MG
443,SYST-MOR-0007142,none,none,none,none,none,pure?,none,1,0,pure,0,0.9999,0,0,0,0,0,0,2.00E-05,AR_BRP_422_MG
444,SYST-MOR-0007143,none,none,none,pure?,none,none,none,1,0,pure,0,0,0,0,0,0.9999,0,0,0.99994,AR_BRP_423_MG
445,SYST-MOR-0007144,pure?,none,none,none,none,none,none,1,0,pure,0,0,0.9999,0,0,0,0,0,2.00E-05,AR_BRP_424_MG
446,SYST-MOR-0007145,none,none,none,none,none,none,pure?,1,0,pure,0.9999,0,0,0,0,0,0,0,2.00E-05,AR_BRP_425_MG
447,SYST-MOR-0007146,none,none,none,pure?,none,none,none,1,0,pure,0,0,0,0.0173,0,0.9827,0,0,0.982681,AR_BRP_426_MG
448,SYST-MOR-0007147,none,pure?,none,none,none,none,none,1,0,pure,0,0,0,0.9999,0,0,0,0,2.00E-05,AR_BRP_427_MG
449,SYST-MOR-0007148,pure?,none,none,none,none,none,none,1,0,pure,0,0,0.9999,0,0,0,0,0,2.00E-05,AR_BRP_428_MG
450,SYST-MOR-0007149,pure?,none,none,none,none,none,none,1,0,pure,0,0,0.9999,0,0,0,0,0,2.00E-05,AR_BRP_429_MG
451,SYST-MOR-0007150,none,none,none,pure?,none,none,none,1,0,pure,0,0,0,0.0251,0,0.9748,0,0,0.974855,TX_BRZ_430_MG
452,SYST-MOR-0007151,none,none,none,pure?,none,none,none,1,0,pure,0,0,0,0.014,0,0.986,0,0,0.985999,TX_BRZ_431_MG
453,SYST-MOR-0007152,none,none,none,pure?,none,none,none,1,0,pure,0,0,0,0,0,0.9999,0,0,0.99994,TX_BRZ_432_MG
454,SYST-MOR-0007153,none,none,none,pure?,none,none,none,1,0,pure,0,0,0,0,0,0.9999,0,0,0.99994,TX_BRZ_433_MG
455,SYST-MOR-0007154,none,none,none,none,pure?,none,none,1,0,pure,0,0,0,0,0,0,0,0.9999,2.00E-05,TX_BRZ_434_MG
456,SYST-MOR-0007155,none,none,none,none,pure?,none,none,1,0,pure,0,0,4.00E-04,0,0,0,0,0.9996,2.00E-05,TX_BRZ_435_MG
457,SYST-MOR-0007156,none,none,none,pure?,none,none,none,1,0,pure,0,0,0,0,0,0.9999,0,0,0.99994,TX_BRZ_436_MG
458,SYST-MOR-0007157,none,pure?,none,none,none,none,none,1,0,pure,0,0,0,0.9999,0,0,0,0,2.00E-05,TX_BRZ_437_MG
459,SYST-MOR-0007158,none,none,none,none,none,none,pure?,1,0,pure,0.9926,0.0072,0,0,0,1.00E-04,0,0,8.70E-05,TX_PLM_438_MG
460,SYST-MOR-0007159,none,none,none,pure?,none,none,none,1,0,pure,0,0,0,0,0,0.9999,0,0,0.99994,TX_PLM_439_MG
461,SYST-MOR-0007160,none,none,none,none,hybrid?,none,hybrid?,0,2,hybrid,0.6494,0,0,0,0,0,0,0.3506,2.00E-05,TX_PLM_440_MG
462,SYST-MOR-0007161,none,none,none,pure?,none,none,none,1,0,pure,0,0,0,0,0,0.9999,0,0,0.99994,TX_PLM_441_MG
463,SYST-MOR-0007162,none,none,none,none,hybrid?,none,hybrid?,0,2,hybrid,0.6384,0,0,0,0,0,0,0.3615,2.00E-05,TX_PLM_442_MG
464,SYST-MOR-0007163,none,none,none,pure?,none,none,none,1,0,pure,0,0,0,0,0,0.9999,0,0,0.99994,TX_PLM_443_MG
465,SYST-MOR-0007164,none,none,none,pure?,none,none,none,1,0,pure,0,0,0,0,0,0.9999,0,0,0.99994,TX_PLM_444_MG
466,SYST-MOR-0007165,none,none,none,none,hybrid?,none,hybrid?,0,2,hybrid,0.6179,0,0,0,0,0,0,0.382,2.00E-05,TX_PLM_445_MG
467,SYST-MOR-0007166,none,none,none,none,hybrid?,none,hybrid?,0,2,hybrid,0.5905,0,0,0,0,0,0,0.4095,2.00E-05,TX_PLM_446_MG
468,SYST-MOR-0007167,none,none,none,none,hybrid?,none,hybrid?,0,2,hybrid,0.6287,0,0,0,0,0,0,0.3713,2.00E-05,TX_PLM_447_MG
469,SYST-MOR-0007168,none,none,none,pure?,none,none,none,1,0,pure,0,0,0,0,0,0.9999,0,0,0.99994,TX_PLM_448_MG
470,SYST-MOR-0007169,none,none,none,none,none,none,pure?,1,0,pure,0.9999,0,0,0,0,0,0,0,2.00E-05,TX_CHP_449_MG
471,SYST-MOR-0007170,none,none,none,none,none,none,pure?,1,0,pure,0.9999,0,0,0,0,0,0,0,2.00E-05,TX_CHP_450_MG
472,SYST-MOR-0007171,none,none,none,pure?,none,none,none,1,0,pure,0,0,0,0,0,0.9999,0,0,0.99994,TX_CHP_451_MG
473,SYST-MOR-0007172,none,none,none,none,none,none,pure?,1,0,pure,0.9999,0,0,0,0,0,0,0,2.00E-05,TX_CHP_452_MG
474,SYST-MOR-0007173,none,none,none,none,none,none,pure?,1,0,pure,0.9999,0,0,0,0,0,0,0,2.10E-05,TX_CHP_453_MG
475,SYST-MOR-0007174,none,none,none,pure?,none,none,none,1,0,pure,0,0,0,0,0,0.9999,0,0,0.99994,TX_CHP_454_MG
476,SYST-MOR-0007175,none,none,none,none,none,none,pure?,1,0,pure,0.9999,0,0,0,0,0,0,0,2.00E-05,TX_CHP_455_MG
477,SYST-MOR-0007176,none,none,none,pure?,none,none,none,1,0,pure,0,0,0,0,0,0.9999,0,0,0.99994,TX_CHP_456_MG
478,SYST-MOR-0007177,none,none,none,pure?,none,none,none,1,0,pure,0.0052,0.0064,0,0,0,0.9884,0,0,0.988403,TX_CHP_457_MG
479,SYST-MOR-0007178,none,none,none,none,hybrid?,none,hybrid?,0,2,hybrid,0.609,0,0,0,0,0,0,0.3909,2.00E-05,TX_CHP_458_MG
480,SYST-MOR-0007179,none,none,none,pure?,none,none,none,1,0,pure,0,0,0,0,0,0.9999,0,0,0.99994,TX_CHP_459_MG
481,SYST-MOR-0007180,pure?,none,none,none,none,none,none,1,0,pure,0,0,0.9999,0,0,0,0,0,2.00E-05,IL_RCA_460_MG
482,SYST-MOR-0007181,none,none,none,pure?,none,none,none,1,0,pure,0,0,0,0,0,0.1812,0.8188,0,0.99994,IL_RCA_461_MG
483,SYST-MOR-0007182,none,pure?,none,none,none,none,none,1,0,pure,0,0,0,0.9999,0,0,0,0,2.00E-05,IL_RCA_462_MG
484,SYST-MOR-0007183,none,none,none,pure?,none,none,none,1,0,pure,0,0,0,0,0,0.2006,0.7993,0,0.999939,IL_RCA_463_MG
485,SYST-MOR-0007184,pure?,none,none,none,none,none,none,1,0,pure,0,0,0.9999,0,0,0,0,0,2.00E-05,IL_RCA_464_MG
486,SYST-MOR-0007185,none,pure?,none,none,none,none,none,1,0,pure,0,0,0,0.9999,0,0,0,0,2.00E-05,IL_RCA_465_MG
487,SYST-MOR-0007186,pure?,none,none,none,none,none,none,1,0,pure,0,0,0.9999,0,0,0,0,0,2.00E-05,IL_RCA_466_MG
488,SYST-MOR-0007187,none,pure?,none,none,none,none,none,1,0,pure,0,0,0,0.9625,0,0,0.0374,0,0.037417,IL_RCA_467_MG
489,SYST-MOR-0007188,none,none,none,pure?,none,none,none,1,0,pure,0,0,0,0,0,0.1978,0.8021,0,0.99994,IL_RCA_468_MG
490,SYST-MOR-0007189,pure?,none,none,none,none,none,none,1,0,pure,0,0,0.9999,0,0,0,0,0,2.00E-05,IL_RCA_469_MG
491,SYST-MOR-0007190,none,none,none,pure?,none,none,none,1,0,pure,0,0,0,0,0,0.0599,0.94,0,0.99994,IL_RCA_470_MG
492,SYST-MOR-0007191,none,hybrid?,none,hybrid?,none,none,none,0,2,hybrid,0,0,0,0.4539,0,0.0388,0.5072,0,0.546022,IL_RCA_471_MG
493,SYST-MOR-0007192,pure?,none,none,none,none,none,none,1,0,pure,0,0,0.9947,0,0,0.0053,0,0,0.00526,IL_RCA_472_MG
494,SYST-MOR-0007193,none,none,none,pure?,none,none,none,1,0,pure,0,0,0,0,0,0.1789,0.821,0,0.99994,IL_RCA_473_MG
495,SYST-MOR-0007194,none,pure?,none,none,none,none,none,1,0,pure,0,0,0,0.9999,0,0,0,0,2.00E-05,IL_RCA_474_MG
496,SYST-MOR-0007195,pure?,none,none,none,none,none,none,1,0,pure,0,0,0.9999,0,0,0,0,0,2.00E-05,IN_MWT_475_MG
497,SYST-MOR-0007196,none,pure?,none,none,none,none,none,1,0,pure,0,0,0,0.9999,0,0,0,0,2.00E-05,IN_MWT_476_MG
498,SYST-MOR-0007197,pure?,none,none,none,none,none,none,1,0,pure,0,0,0.9999,0,0,0,0,0,2.00E-05,IN_MWT_477_MG
499,SYST-MOR-0007198,pure?,none,none,none,none,none,none,1,0,pure,0,0,0.9999,0,0,0,0,0,2.00E-05,IN_MWT_478_MG
500,SYST-MOR-0007199,none,pure?,none,none,none,none,none,1,0,pure,0,0,0,0.9999,0,0,0,0,2.00E-05,IN_MWT_479_MG
501,SYST-MOR-0007200,none,none,none,pure?,none,none,none,1,0,pure,0,0,0.0018,0,0,0.6811,0.317,0,0.998131,IN_MWT_480_MG
502,SYST-MOR-0007201,pure?,none,none,none,none,none,none,1,0,pure,0,0,0.9999,0,0,0,0,0,2.00E-05,IN_MWT_481_MG
503,SYST-MOR-0007202,none,none,none,none,none,pure?,none,1,0,pure,0,0.9999,0,0,0,0,0,0,2.00E-05,IN_MWT_482_MG
504,SYST-MOR-0007203,none,none,none,none,none,pure?,none,1,0,pure,0,0.9999,0,0,0,0,0,0,2.00E-05,IN_MWT_483_MG
505,SYST-MOR-0007204,none,none,none,none,none,pure?,none,1,0,pure,0,0.9999,0,0,0,0,0,0,2.00E-05,IN_MWT_484_MG
506,SYST-MOR-0007205,none,none,none,none,none,pure?,none,1,0,pure,0,0.9999,0,0,0,0,0,0,2.00E-05,IN_TYL_485_MG
507,SYST-MOR-0007206,none,none,none,pure?,none,none,none,1,0,pure,0,0,0,0,0,0.6215,0.3784,0,0.99994,IN_TYL_486_MG
508,SYST-MOR-0007207,none,none,none,pure?,none,none,none,1,0,pure,0,0.0037,0,0,0,0.3658,0.6304,0,0.996287,IN_TYL_487_MG
509,SYST-MOR-0007208,none,none,none,pure?,none,none,none,1,0,pure,0,0,0,0,0,0.4795,0.5204,0,0.99994,IN_TYL_488_MG
510,SYST-MOR-0007209,none,none,none,none,none,pure?,none,1,0,pure,0,0.9999,0,0,0,0,0,0,2.00E-05,IN_TYL_489_MG
511,SYST-MOR-0007210,none,none,none,none,none,pure?,none,1,0,pure,0,0.9999,0,0,0,0,0,0,2.20E-05,IN_TYL_490_MG
512,SYST-MOR-0007211,pure?,none,none,none,none,none,none,1,0,pure,0,0,0.9999,0,0,0,0,0,2.00E-05,IN_TYL_491_MG
513,SYST-MOR-0007212,none,pure?,none,none,none,none,none,1,0,pure,0,0,0,0.9999,0,0,0,0,2.00E-05,IN_TYL_492_MG
514,SYST-MOR-0007213,none,pure?,none,none,none,none,none,1,0,pure,0,0,0,0.9999,0,0,0,0,2.00E-05,IN_TYL_493_MG
515,SYST-MOR-0007214,none,pure?,none,none,none,none,none,1,0,pure,0,0,0,0.9999,0,0,0,0,2.00E-05,IN_TYL_494_MG
516,SYST-MOR-0007215,none,none,none,none,none,pure?,none,1,0,pure,0,0.9999,0,0,0,0,0,0,2.00E-05,IN_TYL_495_MG
517,SYST-MOR-0007216,pure?,none,none,none,none,none,none,1,0,pure,0,0,0.9999,0,0,0,0,0,2.00E-05,IN_TYL_496_MG
518,SYST-MOR-0007217,pure?,none,none,none,none,none,none,1,0,pure,0,0,0.9998,0,0,0,1.00E-04,0,0.000148,IN_TYL_497_MG
519,SYST-MOR-0007218,hybrid?,none,none,none,none,hybrid?,none,0,2,hybrid,0,0.4902,0.4968,0,0,0.0108,0.0021,0,0.012902,IN_TYL_498_MG
520,SYST-MOR-0007219,none,none,none,pure?,none,none,none,1,0,pure,0,0,0,0,0,0.5841,0.4159,0,0.99994,IN_BLR_499_MG
521,SYST-MOR-0007220,none,none,none,pure?,none,none,none,1,0,pure,0,0,0,0,0,0.6913,0.3087,0,0.99994,IN_BLR_500_MG
522,SYST-MOR-0007221,none,none,none,pure?,none,none,none,1,0,pure,0,0.004,0,0,0,0.7728,0.2231,0,0.995922,IN_LCP_501_MG
523,SYST-MOR-0007222,none,none,none,pure?,none,none,none,1,0,pure,0,0,0,0,0,0.6956,0.3044,0,0.99994,IN_LCP_502_MG
524,SYST-MOR-0007223,none,none,none,none,none,pure?,none,1,0,pure,0,0.9999,0,0,0,0,0,0,2.00E-05,IN_LCP_503_MG
525,SYST-MOR-0007224,none,none,none,none,none,pure?,none,1,0,pure,0,0.9999,0,0,0,0,0,0,2.00E-05,IN_LCP_504_MG
526,SYST-MOR-0007225,none,none,none,none,none,pure?,none,1,0,pure,0,0.9999,0,0,0,0,0,0,2.00E-05,IN_LCP_505_MG
527,SYST-MOR-0007226,none,none,none,none,none,pure?,none,1,0,pure,0,0.9999,0,0,0,0,0,0,2.00E-05,IN_LCP_506_MG
528,SYST-MOR-0007227,none,none,none,none,none,pure?,none,1,0,pure,0,0.9999,0,0,0,0,0,0,2.00E-05,IN_LCP_507_MG
529,SYST-MOR-0007228,pure?,none,none,none,none,none,none,1,0,pure,0,0,0.9999,0,0,0,0,0,2.00E-05,IN_GRL_508_MG
530,SYST-MOR-0007229,pure?,none,none,none,none,none,none,1,0,pure,0,0,0.9999,0,0,0,0,0,2.00E-05,IN_GRL_509_MG
531,SYST-MOR-0007230,pure?,none,none,none,none,none,none,1,0,pure,0,0,0.9999,0,0,0,0,0,2.00E-05,IN_GRL_510_MG
532,SYST-MOR-0007231,pure?,none,none,none,none,none,none,1,0,pure,0,0,0.9999,0,0,0,0,0,2.00E-05,IN_GRL_511_MG
533,SYST-MOR-0007232,pure?,none,none,none,none,none,none,1,0,pure,0,0,0.9999,0,0,0,0,0,2.00E-05,IN_GRL_512_MG
534,SYST-MOR-0007233,none,none,none,pure?,none,none,none,1,0,pure,0,0,0,0,0,0.6873,0.3127,0,0.999938,IN_IUC_513_MG
535,SYST-MOR-0007234,none,none,none,none,none,pure?,none,1,0,pure,0,0.9999,0,0,0,0,0,0,2.00E-05,OH_STR_514_MG
536,SYST-MOR-0007235,none,none,none,none,none,pure?,none,1,0,pure,0,0.9999,0,0,0,0,0,0,2.00E-05,OH_STR_515_MG
537,SYST-MOR-0007236,pure?,none,none,none,none,none,none,1,0,pure,0,0,0.9999,0,0,0,0,0,2.00E-05,OH_STR_516_MG
538,SYST-MOR-0007237,hybrid?,none,none,none,none,none,none,0,1,uncertain pure,0.0175,0,0.9662,0,0.0163,0,0,0,2.00E-05,OH_STR_517_MG
539,SYST-MOR-0007238,none,none,none,none,pure?,none,none,1,0,pure,0,0,0,0,0,0,0,0.9999,2.00E-05,OH_STR_518_MG
540,SYST-MOR-0007239,none,none,none,none,pure?,none,none,1,0,pure,0,0,0,0,0,0,0,0.9999,2.00E-05,OH_STR_519_MG
541,SYST-MOR-0007240,none,none,none,none,pure?,none,none,1,0,pure,0,0,0,0,0,0,0,0.9999,2.00E-05,OH_STR_520_MG
542,SYST-MOR-0007241,none,none,none,pure?,none,none,none,1,0,pure,0,0,0,0.0102,0,0.6859,0.3038,0,0.989722,IL_CHB_521_MG
543,SYST-MOR-0007242,none,none,none,pure?,none,none,none,1,0,pure,0,0,0,0,0,0.7719,0.2281,0,0.99994,IL_CHB_522_MG
544,SYST-MOR-0007243,none,none,none,pure?,none,none,none,1,0,pure,0,0,0,0,0,0.8301,0.1698,0,0.99994,IL_CHB_523_MG
545,SYST-MOR-0007244,pure?,none,none,none,none,none,none,1,0,pure,0,0,0.9999,0,0,0,0,0,2.10E-05,IL_CHB_524_MG
546,SYST-MOR-0007245,pure?,none,none,none,none,none,none,1,0,pure,0,0,0.9999,0,0,0,0,0,2.00E-05,IL_CHB_525_MG
547,SYST-MOR-0007246,none,none,none,pure?,none,none,none,1,0,pure,0,0,0,0,0,0.6525,0.3474,0,0.999934,IL_CHB_526_MG
548,SYST-MOR-0007247,none,none,none,pure?,none,none,none,1,0,pure,0,0,0,0,0,0.4878,0.5072,0.005,0.994976,IL_CHB_527_MG
549,SYST-MOR-0007248,pure?,none,none,none,none,none,none,1,0,pure,0,0,0.9999,0,0,0,0,0,2.00E-05,IL_CHB_528_MG
550,SYST-MOR-0007249,pure?,none,none,none,none,none,none,1,0,pure,0,0,0.9999,0,0,0,0,0,2.00E-05,IL_CHB_529_MG
551,SYST-MOR-0007250,pure?,none,none,none,none,none,none,1,0,pure,0,0,0.9999,0,0,0,0,0,2.00E-05,IL_CHB_530_MG
552,SYST-MOR-0007251,none,none,none,pure?,none,none,none,1,0,pure,0,0,0,0,0,0,0.9999,0,0.99994,MN_CDR_215_BF
553,SYST-MOR-0007252,none,none,none,pure?,none,none,none,1,0,pure,0,0,0,0,0,0,0.9999,0,0.999939,MN_CDR_216_BF
554,SYST-MOR-0007253,none,none,none,pure?,none,none,none,1,0,pure,0,0,0,0,0,0.0519,0.948,0,0.99994,MN_CDR_217_BF
555,SYST-MOR-0007254,none,none,none,pure?,none,none,none,1,0,pure,0,0,0,0,0,0,0.9999,0,0.99994,MN_CDR_218_BF
556,SYST-MOR-0007255,none,none,none,pure?,none,none,none,1,0,pure,0,0,0,0,0,0,0.9999,0,0.999937,MN_CDR_219_BF
557,SYST-MOR-0007256,pure?,none,none,none,none,none,none,1,0,pure,0,0,0.9761,0,0,0.0122,0.0116,0,0.02381,MN_CDR_531_BF
558,SYST-MOR-0007257,hybrid?,none,hybrid?,none,none,none,none,0,2,hybrid,0.0183,0.0347,0.8696,0,0.0774,0,0,0,2.00E-05,MN_CDR_220_BF
559,SYST-MOR-0007258,pure?,none,none,none,none,none,none,1,0,pure,0,0,0.9993,0,0,0,7.00E-04,0,0.000684,MN_CDR_221_BF
560,SYST-MOR-0007259,pure?,none,none,none,none,none,none,1,0,pure,0,0,0.9731,0,0,0,0.0268,0,0.026812,MN_CDR_222_BF
561,SYST-MOR-0007260,pure?,none,none,none,none,none,none,1,0,pure,0,0,0.9802,0,0,9.00E-04,0.0188,0,0.01971,MN_CDR_223_BF
562,SYST-MOR-0007357,none,none,none,pure?,none,none,none,1,0,pure,0,0,0,0,0,0,0.9999,0,0.99994,MB-MG506
563,SYST-MOR-0007358,none,none,none,pure?,none,none,none,1,0,pure,0,0,0,0,0,0,0.9999,0,0.99994,MB-MG507
564,SYST-MOR-0007359,none,none,none,pure?,none,none,none,1,0,pure,0,0,0,0,0,0,0.9999,0,0.99993,MB-MG508
565,SYST-MOR-0007360,none,none,none,pure?,none,none,none,1,0,pure,0,0,0,0,0,0,0.9999,0,0.99994,MB-MG509
566,SYST-MOR-0007361,none,none,none,pure?,none,none,none,1,0,pure,0.0032,0,0,0,0,0.029,0.9677,0,0.996714,MB-MG510
567,SYST-MOR-0007362,none,none,none,pure?,none,none,none,1,0,pure,0,0,0,0,0,0,0.9999,0,0.999938,MB-MG511
568,SYST-MOR-0007363,none,none,none,pure?,none,none,none,1,0,pure,0,0,0,0,0,0,0.9999,0,0.99994,MB-MG512
569,SYST-MOR-0007364,none,none,none,pure?,none,none,none,1,0,pure,0,0,0,0,0,0,0.9999,0,0.99994,MB-MG513
570,SYST-MOR-0007365,none,none,none,pure?,none,none,none,1,0,pure,0,0,0,0,0,0,0.9999,0,0.99994,MB-MG514
571,SYST-MOR-0007366,none,none,none,pure?,none,none,none,1,0,pure,0,0,0,0,0,0,0.9999,0,0.99994,MB-MG515
572,SYST-MOR-0007367,none,none,none,pure?,none,none,none,1,0,pure,0,0.0047,0,0.0044,0,0,0.9908,0,0.990787,MB-MG516
573,SYST-MOR-0007368,none,none,none,pure?,none,none,none,1,0,pure,0,0,0,0,0,0,0.9999,0,0.99994,MB-MG517
574,SYST-MOR-0007369,none,none,none,pure?,none,none,none,1,0,pure,0,0,0,0,0,0,0.9999,0,0.99994,MB-MG518
575,SYST-MOR-0007370,none,none,none,pure?,none,none,none,1,0,pure,0,0,0,0,0,0.0607,0.9393,0,0.999938,MB-MG519
576,SYST-MOR-0007371,none,none,none,pure?,none,none,none,1,0,pure,0,0,0,0,0,0,0.9999,0,0.99994,MB-MG520
577,SYST-MOR-0007372,none,none,none,pure?,none,none,none,1,0,pure,0,0,0,0,0,0.0078,0.9921,0,0.99994,MB-MG521
578,SYST-MOR-0007373,none,none,none,pure?,none,none,none,1,0,pure,0,0,0,0,0,0,0.9999,0,0.99994,MB-MG522
579,SYST-MOR-0007374,none,none,none,pure?,none,none,none,1,0,pure,0,0,0,0,0,0,0.9999,0,0.99994,MB-MG523
580,SYST-MOR-0007375,none,none,none,pure?,none,none,none,1,0,pure,0,0,0,0,0,0,0.9999,0,0.99994,MB-MG524
581,SYST-MOR-0007376,none,none,none,pure?,none,none,none,1,0,pure,0,0,0,0,0,0,0.9999,0,0.99994,MB-MG525
582,SYST-MOR-0007377,none,none,none,pure?,none,none,none,1,0,pure,0,0,0,0,0,0.0153,0.9847,0,0.99994,MB-MG526
583,SYST-MOR-0007378,none,none,none,pure?,none,none,none,1,0,pure,0,0,0,0,0,0,0.9999,0,0.99994,MB-MG527
584,SYST-MOR-0007379,none,none,none,pure?,none,none,none,1,0,pure,0,0,0,0,0,0.0136,0.9863,0,0.999939,MB-MG528
585,SYST-MOR-0007380,none,none,none,pure?,none,none,none,1,0,pure,0,0.0033,0,0,0,0,0.9966,0,0.996619,MB-MG529
586,SYST-MOR-0007381,none,none,none,pure?,none,none,none,1,0,pure,0,0,0,0,0,0,0.9999,0,0.99994,MB-MG530
587,SYST-MOR-0007382,none,none,none,pure?,none,none,none,1,0,pure,0,0,0,0,0,0,0.9999,0,0.99994,MB-MG531
588,SYST-MOR-0007383,none,none,none,pure?,none,none,none,1,0,pure,0,0,0,0,0,0,0.9999,0,0.999935,MB-MG532
589,SYST-MOR-0007384,none,none,none,pure?,none,none,none,1,0,pure,0,0,0,0,0,0,0.9999,0,0.99994,MB-MG533
590,SYST-MOR-0007385,none,none,none,pure?,none,none,none,1,0,pure,0,0,0,0,0,0,0.9999,0,0.99994,MB-MG534
591,SYST-MOR-0007386,none,none,none,pure?,none,none,none,1,0,pure,0,0,0,0,0,2.00E-04,0.9998,0,0.99994,MB-MG535
592,SYST-MOR-0007387,none,none,none,pure?,none,none,none,1,0,pure,0,0,0,0,0,0,0.9999,0,0.99994,WI-MG536
593,SYST-MOR-0007388,none,none,none,pure?,none,none,none,1,0,pure,0,0,0,0,0,0.0328,0.9671,0,0.999937,WI-MG537
594,SYST-MOR-0007389,none,none,none,pure?,none,none,none,1,0,pure,0,0,0,0,0,0,0.9999,0,0.99994,WI-MG538
595,SYST-MOR-0007390,none,none,none,pure?,none,none,none,1,0,pure,0,0,0,0,0,0.0199,0.9801,0,0.99994,WI-MG539
596,SYST-MOR-0007391,none,none,none,pure?,none,none,none,1,0,pure,0,0,0,0,0,0.0638,0.9362,0,0.99994,WI-MG540
597,SYST-MOR-0007392,none,none,none,pure?,none,none,none,1,0,pure,0,0,0,0,0,0.0275,0.9724,0,0.999931,WI-MG541
598,SYST-MOR-0007409,none,none,none,pure?,none,none,none,1,0,pure,0,0,0,0,0,0.9712,0.0287,0,0.99994,OK-MG372
599,SYST-MOR-0007410,none,none,none,pure?,none,none,none,1,0,pure,0,0,0,0,0,0.9425,0.0574,0,0.99994,OK-MG373
600,SYST-MOR-0007411,none,none,none,pure?,none,none,none,1,0,pure,0,0,0,0,0,0.9992,7.00E-04,0,0.99994,OK-MG374
601,SYST-MOR-0007412,none,none,none,pure?,none,none,none,1,0,pure,0,0,0,0,0,0.9999,0,0,0.99994,OK-MG375
602,SYST-MOR-0007413,none,none,none,pure?,none,none,none,1,0,pure,0,0,0,0,0,0.9999,0,0,0.999938,OK-MG376
603,SYST-MOR-0007414,none,none,none,pure?,none,none,none,1,0,pure,0,0,0,0,0,0.9999,0,0,0.99994,OK-MG377
604,SYST-MOR-0007415,none,none,none,pure?,none,none,none,1,0,pure,0,0,0,0,0,0.9999,0,0,0.99994,OK-MG378
605,SYST-MOR-0007416,none,none,none,pure?,none,none,none,1,0,pure,0,0,0,0,0,0.9999,0,0,0.99994,OK-MG379
606,SYST-MOR-0007417,none,none,none,pure?,none,none,none,1,0,pure,0,0,0,0,0,0.9999,0,0,0.99994,OK-MG380
607,SYST-MOR-0007418,none,none,none,pure?,none,none,none,1,0,pure,0,0,0,0,0,0.9999,0,0,0.99994,OK-MG381
608,SYST-MOR-0007419,none,none,none,pure?,none,none,none,1,0,pure,0,0,0,0,0,0.9404,0.0595,0,0.99994,MO-MG398
609,SYST-MOR-0007420,none,none,none,pure?,none,none,none,1,0,pure,0,0,0,0,0,0.9999,0,0,0.99994,MO-MG400
610,SYST-MOR-0007421,none,none,none,pure?,none,none,none,1,0,pure,0,0,0,0,0,0.9999,0,0,0.999935,MO-MG402
611,SYST-MOR-0007422,none,none,none,pure?,none,none,none,1,0,pure,0,0,0,0,0,0.9188,0.0812,0,0.99994,MO-MG403
612,SYST-MOR-0007423,none,none,none,pure?,none,none,none,1,0,pure,0,0,0,0,0,0.9819,0.018,0,0.99994,MO-MG404
613,SYST-MOR-0007424,none,none,none,pure?,none,none,none,1,0,pure,0,0,0,0,0,0.9995,4.00E-04,0,0.99994,MO-MG405
614,SYST-MOR-0007425,none,none,none,pure?,none,none,none,1,0,pure,0,0,0,0,0,0.0952,0.9048,0,0.99994,IN-MG631
615,SYST-MOR-0007426,none,none,none,pure?,none,none,none,1,0,pure,0,0.0153,0,0,0.0146,0.1577,0.8123,0,0.96998,IN-MG632
616,SYST-MOR-0007427,none,none,none,pure?,none,none,none,1,0,pure,0,0,0.0084,0,0,0.1532,0.8383,0,0.991537,IN-MG633
617,SYST-MOR-0007428,none,none,none,pure?,none,none,none,1,0,pure,0.0045,0.0093,0,0,0.0059,0.2396,0.7407,0,0.980312,IN-MG634
618,SYST-MOR-0007429,none,none,none,pure?,none,none,none,1,0,pure,0,0,0,0,0,0.1377,0.8622,0,0.99994,IN-MG635
619,SYST-MOR-0007430,none,none,none,pure?,none,none,none,1,0,pure,0,0,0,0,0,0.1078,0.8922,0,0.99994,IN-MG636
620,SYST-MOR-0007431,none,none,none,pure?,none,none,none,1,0,pure,0,0,0,0,0,0.2195,0.7804,0,0.99994,IN-MG637
621,SYST-MOR-0007432,none,none,none,pure?,none,none,none,1,0,pure,0,0,0,0,0,0.013,0.9869,0,0.999928,IN-MG638
622,SYST-MOR-0007433,none,none,none,pure?,none,none,none,1,0,pure,0,0,0,0,0,0.275,0.7249,0,0.99994,IN-MG639
623,SYST-MOR-0007434,none,none,none,pure?,none,none,none,1,0,pure,0,0,0,0.0109,0,0.1479,0.8411,0,0.989016,IN-MG640
624,SYST-MOR-0007435,none,hybrid?,none,hybrid?,none,none,none,0,2,hybrid,0,0,0,0.1825,0,0.0222,0.7952,0,0.817401,MI-MG662
625,SYST-MOR-0007436,none,hybrid?,none,hybrid?,none,none,none,0,2,hybrid,0,0,0,0.475,0,0.0202,0.5048,0,0.524991,MI-MG663
626,SYST-MOR-0007437,none,none,none,pure?,none,none,none,1,0,pure,0,0,0,0.0314,0,0.0852,0.8834,0,0.968578,MI-MG664
627,SYST-MOR-0007438,none,hybrid?,none,hybrid?,none,none,none,0,2,hybrid,0,0,0,0.0586,0,0.0341,0.9072,0,0.941294,MI-MG665
628,SYST-MOR-0007439,none,hybrid?,none,hybrid?,none,none,none,0,2,hybrid,0,0,0,0.5171,0,0,0.4828,0,0.482842,MI-MG666
629,SYST-MOR-0007440,none,hybrid?,none,hybrid?,none,none,none,0,2,hybrid,0,0,0,0.0534,0.0054,0.0519,0.8893,0,0.941158,MI-MG667
630,SYST-MOR-0007441,none,none,none,hybrid?,none,none,none,0,1,uncertain pure,0,0,0,0.0594,0,0.0811,0.8595,0,0.940573,MI-MG668
631,SYST-MOR-0007442,none,hybrid?,none,hybrid?,none,none,none,0,2,hybrid,0,0,0,0.3374,0,0.0169,0.6456,0,0.662507,MI-MG669
632,SYST-MOR-0007443,none,hybrid?,none,hybrid?,none,none,none,0,2,hybrid,0,0,0,0.3142,0,0,0.6857,0,0.685731,MI-MG670
633,SYST-MOR-0007444,none,hybrid?,none,hybrid?,none,none,none,0,2,hybrid,0,0,0,0.0745,0,0.0346,0.8909,0,0.925451,MI-MG671
634,SYST-MOR-0007445,none,hybrid?,none,hybrid?,none,none,none,0,2,hybrid,0,0.0203,0.0143,0.0325,0,0.0223,0.9106,0,0.932892,MI-MG672
635,SYST-MOR-0007446,none,none,none,pure?,none,none,none,1,0,pure,0,0,0,0,0,0.0614,0.9385,0,0.999938,MN-MG761
636,SYST-MOR-0007447,none,none,none,pure?,none,none,none,1,0,pure,0,0,0,0,0,0,0.9999,0,0.99994,MN-MG762
637,SYST-MOR-0007448,none,none,none,pure?,none,none,none,1,0,pure,0,0,0,0,0,0,0.9999,0,0.99994,MN-MG763
638,SYST-MOR-0007449,none,none,none,pure?,none,none,none,1,0,pure,0,0,0,0,0,0.0245,0.9755,0,0.99994,MN-MG764
639,SYST-MOR-0007450,none,none,none,pure?,none,none,none,1,0,pure,0,0,0,0,0,0,0.9999,0,0.99994,MN-MG765
640,SYST-MOR-0007451,none,none,none,pure?,none,none,none,1,0,pure,0,0,0,0,0,0,0.9999,0,0.99994,MN-MG766
641,SYST-MOR-0007452,none,none,none,pure?,none,none,none,1,0,pure,0,0,0,0,0,0,0.9999,0,0.99994,MN-MG767
642,SYST-MOR-0007453,none,none,none,pure?,none,none,none,1,0,pure,0,0,0,0,0,0,0.9999,0,0.99994,MN-MG768
643,SYST-MOR-0007454,none,none,none,pure?,none,none,none,1,0,pure,0,0,0,0,0,0,0.9999,0,0.99994,MN-MG769
644,SYST-MOR-0007455,none,none,none,pure?,none,none,none,1,0,pure,0,0,0,0.0054,0.0181,0.0151,0.9614,0,0.976467,MN-MG770
645,SYST-MOR-0007456,none,none,none,pure?,none,none,none,1,0,pure,0,0,0,0,0,0.0317,0.9683,0,0.99994,MN-MG771
646,SYST-MOR-0007457,none,none,none,pure?,none,none,none,1,0,pure,0,0.0042,0,0,0,0.0148,0.9809,0,0.995707,MN-MG772
647,SYST-MOR-0007458,none,none,none,pure?,none,none,none,1,0,pure,0,0,0,0,0,0.034,0.9659,0,0.99994,MN-MG773
648,SYST-MOR-0007459,none,none,none,pure?,none,none,none,1,0,pure,0,4.00E-04,0,0,0,0,0.9995,0,0.999542,MN-MG774
649,SYST-MOR-0007460,none,none,none,pure?,none,none,none,1,0,pure,0,0,0,0,0,0.0117,0.9883,0,0.99994,MN-MG775
650,SYST-MOR-0007461,none,none,none,pure?,none,none,none,1,0,pure,0,0,0,0,0,0,0.9999,0,0.99994,MN-MG776
651,SYST-MOR-0007462,none,none,none,pure?,none,none,none,1,0,pure,0,0,0,0,0,0,0.9999,0,0.999936,MN-MG777
652,SYST-MOR-0007463,none,none,none,pure?,none,none,none,1,0,pure,0,0,0,0,0,0,0.9999,0,0.99994,MN-MG778
653,SYST-MOR-0007464,none,none,none,pure?,none,none,none,1,0,pure,0,0,0,0,0,0,0.9999,0,0.999936,MN-MG779
654,SYST-MOR-0007465,none,none,none,pure?,none,none,none,1,0,pure,0,0,0,0,0,0.0291,0.9708,0,0.999938,MN-MG780
655,SYST-MOR-0007466,none,none,none,pure?,none,none,none,1,0,pure,0,0.007,0,0.0163,0,0.261,0.7156,0,0.976671,OH-MG797
656,SYST-MOR-0007467,none,none,none,pure?,none,none,none,1,0,pure,0,0,0,0,0,0.4231,0.5768,0,0.99994,OH-MG798
657,SYST-MOR-0007468,none,none,none,pure?,none,none,none,1,0,pure,0,0,0,0,0,0.2777,0.7223,0,0.99994,OH-MG799
658,SYST-MOR-0007469,none,none,none,pure?,none,none,none,1,0,pure,0,0,3.00E-04,0,0,0.3522,0.6475,0,0.999672,OH-MG800
659,SYST-MOR-0007470,none,none,none,pure?,none,none,none,1,0,pure,0,0,0,0,0,0.3534,0.6465,0,0.99994,OH-MG801
660,SYST-MOR-0007471,none,none,none,none,none,none,pure?,1,0,pure,0.9816,0,0.004,0,0,0,0.0144,0,0.014414,OH-MG802
661,SYST-MOR-0007472,none,none,none,pure?,none,none,none,1,0,pure,0,0.0053,0.0025,0.007,0,0.4461,0.5391,0,0.985168,OH-MG803
662,SYST-MOR-0007473,none,none,none,pure?,none,none,none,1,0,pure,0,0,0,0.0074,0,0.3088,0.6838,0,0.992517,OH-MG804
663,SYST-MOR-0007474,none,none,none,pure?,none,none,none,1,0,pure,0,0,0,0,0,0.3336,0.6664,0,0.99994,OH-MG805
664,SYST-MOR-0007475,none,none,none,pure?,none,none,none,1,0,pure,0,0,0,0,0,0.4601,0.5398,0,0.99994,OH-MG806
665,SYST-MOR-0007476,none,none,none,pure?,none,none,none,1,0,pure,0,0,0,0,0,0.2774,0.7225,0,0.99994,OH-MG807
666,SYST-MOR-0007477,none,none,none,pure?,none,none,none,1,0,pure,0,0,0,0,0,0.3098,0.6902,0,0.99994,OH-MG808
667,SYST-MOR-0007478,none,none,none,pure?,none,none,none,1,0,pure,0,0,0,0,0,0.3314,0.6686,0,0.99994,OH-MG809
668,SYST-MOR-0007479,none,none,none,pure?,none,none,none,1,0,pure,0,0,0,0,0,0.3185,0.6815,0,0.99994,OH-MG810
669,SYST-MOR-0007480,none,none,none,pure?,none,none,none,1,0,pure,0,0,0,0,0,0.3175,0.6825,0,0.99994,OH-MG811
670,SYST-MOR-0007481,none,none,none,pure?,none,none,none,1,0,pure,0,0,0,0,0,0.4004,0.5924,0.0072,0.992754,OH-MG812
671,SYST-MOR-0007482,none,none,none,pure?,none,none,none,1,0,pure,0,0,0.0096,0,0,0.3033,0.6871,0,0.990388,OH-MG813
672,SYST-MOR-0007483,none,none,none,pure?,none,none,none,1,0,pure,0,0.0055,0,0,0,0.2566,0.7378,0,0.994417,OH-MG814
673,SYST-MOR-0007484,none,none,none,pure?,none,none,none,1,0,pure,0,0,0,0,0,0.4355,0.5645,0,0.99994,OH-MG815
674,SYST-MOR-0007485,none,none,none,pure?,none,none,none,1,0,pure,0,0,0,0,0,0.4388,0.5611,0,0.99994,OH-MG816
675,SYST-MOR-0007486,none,none,none,pure?,none,none,none,1,0,pure,0,0,0,0,0.0063,0,0.9936,0,0.993601,JCB-SD-CSP-1001
676,SYST-MOR-0007487,none,none,hybrid?,pure?,none,none,none,1,1,uncertain hybrid,8.00E-04,0,0,0,0.0237,0,0.9754,0,0.97542,JCB-SD-CSP-1002
677,SYST-MOR-0007488,none,none,none,pure?,none,none,none,1,0,pure,0,0.0029,0,0,0.0186,0.0162,0.9622,0,0.978419,JCB-SD-CSP-1003
678,SYST-MOR-0007489,none,none,hybrid?,pure?,none,none,none,1,1,uncertain hybrid,0,0,0,0,0.0301,0,0.9698,0,0.96982,JCB-SD-CSP-1004
679,SYST-MOR-0007490,none,none,none,pure?,none,none,none,1,0,pure,0,0.0034,1.00E-04,0.0076,0.0155,0.0124,0.961,0,0.973401,JCB-SD-CSP-1005
680,SYST-MOR-0007491,none,none,none,pure?,none,none,none,1,0,pure,0,0,0,0,0,0,0.9999,0,0.99994,JCB-SD-CSP-1006
681,SYST-MOR-0007492,none,none,none,pure?,none,none,none,1,0,pure,0,0,6.00E-04,0.0088,0.0229,0,0.9676,0,0.967595,JCB-SD-CSP-1007
682,SYST-MOR-0007493,none,none,none,pure?,none,none,none,1,0,pure,0,0.0071,0,0,0,0,0.9929,0,0.992865,JCB-SD-CSP-1008
683,SYST-MOR-0007494,none,none,hybrid?,pure?,none,none,none,1,1,uncertain hybrid,0,0,0,0,0.0236,0,0.9763,0,0.976324,JCB-SD-CSP-1009
684,SYST-MOR-0007495,none,none,none,pure?,none,none,none,1,0,pure,0,0,0,0,0,0,0.9999,0,0.99994,JCB-SD-US16-1010
685,SYST-MOR-0007496,none,none,none,hybrid?,none,none,none,0,1,uncertain pure,0,0.0067,0,0,0.0343,0,0.9509,0.0081,0.950877,JCB-SD-SPF-1011
686,SYST-MOR-0007497,none,none,hybrid?,hybrid?,none,none,none,0,2,hybrid,0.0138,0,0.0012,0,0.0299,0,0.9551,0,0.955063,JCB-SD-SPF-1012
687,SYST-MOR-0007498,none,none,hybrid?,hybrid?,none,none,none,0,2,hybrid,0.0015,0.0071,0,0,0.117,0,0.8743,0,0.874338,JCB-SD-SPF-1013
688,SYST-MOR-0007499,none,none,hybrid?,hybrid?,none,none,hybrid?,0,3,hybrid,0.0146,0.0206,0,0.0018,0.058,0,0.905,0,0.904977,JCB-SD-SPF-1014
689,SYST-MOR-0007500,none,none,hybrid?,hybrid?,none,none,none,0,2,hybrid,0,0,0.0117,0,0.0982,0,0.8901,0,0.890088,JCB-SD-SPF-1015
690,SYST-MOR-0007501,none,none,hybrid?,hybrid?,none,none,none,0,2,hybrid,0,0.004,0,0,0.1295,0,0.8665,0,0.866479,JCB-SD-SPF-1016
691,SYST-MOR-0007502,none,none,hybrid?,hybrid?,none,none,none,0,2,hybrid,0,0,0,0.0062,0.112,0,0.872,0.0098,0.872004,JCB-SD-SPF-1017
692,SYST-MOR-0007503,none,none,none,hybrid?,none,none,none,0,1,uncertain pure,0,0.001,0,0,0.0694,0,0.9296,0,0.929597,JCB-SD-SPF-1018
693,SYST-MOR-0007504,none,none,hybrid?,hybrid?,none,none,none,0,2,hybrid,0.0018,0.0179,0,0,0.0992,0,0.881,0,0.881004,JCB-SD-SPF-1019
694,SYST-MOR-0007505,none,none,hybrid?,hybrid?,none,none,none,0,2,hybrid,0,0,0,0,0.0436,0,0.9564,0,0.956364,JCB-SD-SPF-1020
