SRR14632920.bam	xxx
SRR14632922.bam	xxx
SRR14632924.bam	xxx
SRR14632927.bam	xxx
SRR14632928.bam	lobata
SRR14632929.bam	xxx
SRR14632932.bam	lobata
SRR14632934.bam	xxx
SRR14632950.bam	lobata
SRR14632955.bam	xxx
SRR14632961.bam	lobata
SRR14632964.bam	xxx
SRR14632967.bam	xxx
SRR14632968.bam	lobata
SRR14632969.bam	xxx
SRR14632970.bam	xxx
SRR23696575.bam	xxx
SRR24768713.bam	xxx
SRR24768716.bam	Outgroup
SRR24768719.bam	xxx
SRR24768723.bam	Outgroup
SRR24768728.bam	xxx
SRR24768736.bam	Outgroup
SRR24768744.bam	xxx
SRR24768754.bam	Outgroup
SRR24768763.bam	Outgroup
SRR3244044.bam	xxx
SYST-MOR-0006717.bam	michauxii
SYST-MOR-0006718.bam	michauxii
SYST-MOR-0006719.bam	xxx
SYST-MOR-0006720.bam	xxx
SYST-MOR-0006721.bam	macrocarpa_SH
SYST-MOR-0006722.bam	macrocarpa_SH
SYST-MOR-0006723.bam	macrocarpa_SH
SYST-MOR-0006724.bam	macrocarpa_SH
SYST-MOR-0006725.bam	macrocarpa_SH
SYST-MOR-0006726.bam	xxx
SYST-MOR-0006727.bam	xxx
SYST-MOR-0006728.bam	xxx
SYST-MOR-0006729.bam	macrocarpa_MOR
SYST-MOR-0006730.bam	xxx
SYST-MOR-0006731.bam	macrocarpa_MOR
SYST-MOR-0006732.bam	xxx
SYST-MOR-0006733.bam	xxx
SYST-MOR-0006734.bam	xxx
SYST-MOR-0006735.bam	macrocarpa_MOR
SYST-MOR-0006736.bam	xxx
SYST-MOR-0006737.bam	macrocarpa_MOR
SYST-MOR-0006738.bam	macrocarpa_MOR
SYST-MOR-0006739.bam	xxx
SYST-MOR-0006740.bam	macrocarpa_MOR
SYST-MOR-0006741.bam	xxx
SYST-MOR-0006742.bam	stellata
SYST-MOR-0006743.bam	xxx
SYST-MOR-0006744.bam	xxx
SYST-MOR-0006745.bam	xxx
SYST-MOR-0006746.bam	xxx
SYST-MOR-0006747.bam	xxx
SYST-MOR-0006748.bam	xxx
SYST-MOR-0006749.bam	stellata
SYST-MOR-0006750.bam	xxx
SYST-MOR-0006751.bam	alba
SYST-MOR-0006752.bam	xxx
SYST-MOR-0006753.bam	macrocarpa_OB
SYST-MOR-0006754.bam	lyrata
SYST-MOR-0006755.bam	macrocarpa_OB
SYST-MOR-0006756.bam	xxx
SYST-MOR-0006757.bam	xxx
SYST-MOR-0006758.bam	macrocarpa_OB
SYST-MOR-0006759.bam	macrocarpa_OB
SYST-MOR-0006760.bam	lyrata
SYST-MOR-0006761.bam	macrocarpa_OB
SYST-MOR-0006762.bam	xxx
SYST-MOR-0006763.bam	macrocarpa_BOT
SYST-MOR-0006764.bam	macrocarpa_BOT
SYST-MOR-0006765.bam	macrocarpa_BOT
SYST-MOR-0006766.bam	xxx
SYST-MOR-0006767.bam	macrocarpa_BOT
SYST-MOR-0006768.bam	lyrata
SYST-MOR-0006769.bam	macrocarpa_BOT
SYST-MOR-0006770.bam	macrocarpa_BOT
SYST-MOR-0006771.bam	xxx
SYST-MOR-0006772.bam	macrocarpa_BOT
SYST-MOR-0006773.bam	michauxii
SYST-MOR-0006774.bam	xxx
SYST-MOR-0006775.bam	macrocarpa_BOT
SYST-MOR-0006776.bam	xxx
SYST-MOR-0006777.bam	xxx
SYST-MOR-0006778.bam	macrocarpa_BSP
SYST-MOR-0006779.bam	macrocarpa_BSP
SYST-MOR-0006780.bam	macrocarpa_BSP
SYST-MOR-0006781.bam	macrocarpa_BSP
SYST-MOR-0006782.bam	macrocarpa_BSP
SYST-MOR-0006783.bam	xxx
SYST-MOR-0006784.bam	xxx
SYST-MOR-0006785.bam	xxx
SYST-MOR-0006786.bam	xxx
SYST-MOR-0006787.bam	muehlenbergii
SYST-MOR-0006788.bam	xxx
SYST-MOR-0006789.bam	xxx
SYST-MOR-0006790.bam	xxx
SYST-MOR-0006791.bam	macrocarpa_LNW
SYST-MOR-0006792.bam	macrocarpa_LNW
SYST-MOR-0006793.bam	xxx
SYST-MOR-0006794.bam	xxx
SYST-MOR-0006795.bam	xxx
SYST-MOR-0006796.bam	xxx
SYST-MOR-0006797.bam	xxx
SYST-MOR-0006798.bam	macrocarpa_CHP
SYST-MOR-0006799.bam	macrocarpa_CHP
SYST-MOR-0006800.bam	xxx
SYST-MOR-0006801.bam	macrocarpa_CHP
SYST-MOR-0006802.bam	macrocarpa_CHP
SYST-MOR-0006803.bam	macrocarpa_CSW
SYST-MOR-0006804.bam	macrocarpa_CSW
SYST-MOR-0006805.bam	macrocarpa_CSW
SYST-MOR-0006806.bam	xxx
SYST-MOR-0006807.bam	xxx
SYST-MOR-0006808.bam	xxx
SYST-MOR-0006809.bam	xxx
SYST-MOR-0006810.bam	xxx
SYST-MOR-0006811.bam	xxx
SYST-MOR-0006812.bam	xxx
SYST-MOR-0006813.bam	xxx
SYST-MOR-0006814.bam	xxx
SYST-MOR-0006815.bam	xxx
SYST-MOR-0006816.bam	xxx
SYST-MOR-0006817.bam	xxx
SYST-MOR-0006818.bam	xxx
SYST-MOR-0006819.bam	xxx
SYST-MOR-0006820.bam	xxx
SYST-MOR-0006821.bam	xxx
SYST-MOR-0006822.bam	xxx
SYST-MOR-0006823.bam	xxx
SYST-MOR-0006824.bam	xxx
SYST-MOR-0006825.bam	xxx
SYST-MOR-0006826.bam	xxx
SYST-MOR-0006827.bam	xxx
SYST-MOR-0006828.bam	xxx
SYST-MOR-0006829.bam	xxx
SYST-MOR-0006830.bam	xxx
SYST-MOR-0006831.bam	xxx
SYST-MOR-0006832.bam	xxx
SYST-MOR-0006833.bam	xxx
SYST-MOR-0006834.bam	xxx
SYST-MOR-0006835.bam	xxx
SYST-MOR-0006836.bam	xxx
SYST-MOR-0006837.bam	xxx
SYST-MOR-0006838.bam	xxx
SYST-MOR-0006839.bam	xxx
SYST-MOR-0006840.bam	xxx
SYST-MOR-0006841.bam	xxx
SYST-MOR-0006842.bam	xxx
SYST-MOR-0006843.bam	xxx
SYST-MOR-0006844.bam	macrocarpa_RRC
SYST-MOR-0006845.bam	xxx
SYST-MOR-0006846.bam	xxx
SYST-MOR-0006847.bam	xxx
SYST-MOR-0006848.bam	xxx
SYST-MOR-0006849.bam	xxx
SYST-MOR-0006850.bam	xxx
SYST-MOR-0006851.bam	xxx
SYST-MOR-0006852.bam	macrocarpa_RRC
SYST-MOR-0006853.bam	macrocarpa_RRC
SYST-MOR-0006854.bam	macrocarpa_RRC
SYST-MOR-0006855.bam	xxx
SYST-MOR-0006856.bam	xxx
SYST-MOR-0006857.bam	macrocarpa_TGP
SYST-MOR-0006858.bam	macrocarpa_TGP
SYST-MOR-0006859.bam	xxx
SYST-MOR-0006860.bam	xxx
SYST-MOR-0006861.bam	macrocarpa_TGP
SYST-MOR-0006862.bam	macrocarpa_TGP
SYST-MOR-0006863.bam	xxx
SYST-MOR-0006864.bam	xxx
SYST-MOR-0006865.bam	stellata
SYST-MOR-0006866.bam	macrocarpa_TGP
SYST-MOR-0006867.bam	xxx
SYST-MOR-0006868.bam	xxx
SYST-MOR-0006869.bam	xxx
SYST-MOR-0006870.bam	macrocarpa_BCP
SYST-MOR-0006871.bam	xxx
SYST-MOR-0006872.bam	macrocarpa_BCP
SYST-MOR-0006873.bam	macrocarpa_BCP
SYST-MOR-0006874.bam	xxx
SYST-MOR-0006875.bam	macrocarpa_BCP
SYST-MOR-0006876.bam	xxx
SYST-MOR-0006877.bam	xxx
SYST-MOR-0006878.bam	macrocarpa_BCP
SYST-MOR-0006879.bam	xxx
SYST-MOR-0006880.bam	xxx
SYST-MOR-0006881.bam	xxx
SYST-MOR-0006882.bam	xxx
SYST-MOR-0006883.bam	xxx
SYST-MOR-0006884.bam	xxx
SYST-MOR-0006885.bam	xxx
SYST-MOR-0006886.bam	stellata
SYST-MOR-0006887.bam	xxx
SYST-MOR-0006888.bam	xxx
SYST-MOR-0006889.bam	xxx
SYST-MOR-0006890.bam	macrocarpa_LXC
SYST-MOR-0006891.bam	macrocarpa_LXC
SYST-MOR-0006892.bam	macrocarpa_LXC
SYST-MOR-0006893.bam	macrocarpa_LXC
SYST-MOR-0006894.bam	macrocarpa_CSW
SYST-MOR-0006895.bam	xxx
SYST-MOR-0006896.bam	xxx
SYST-MOR-0006897.bam	macrocarpa_BBF
SYST-MOR-0006898.bam	xxx
SYST-MOR-0006899.bam	macrocarpa_BBF
SYST-MOR-0006900.bam	xxx
SYST-MOR-0006901.bam	xxx
SYST-MOR-0006902.bam	xxx
SYST-MOR-0006903.bam	macrocarpa_BBF
SYST-MOR-0006904.bam	macrocarpa_BBF
SYST-MOR-0006905.bam	xxx
SYST-MOR-0006906.bam	macrocarpa_BBF
SYST-MOR-0006907.bam	macrocarpa_ASF
SYST-MOR-0006908.bam	macrocarpa_ASF
SYST-MOR-0006909.bam	macrocarpa_ASF
SYST-MOR-0006910.bam	xxx
SYST-MOR-0006911.bam	macrocarpa_ASF
SYST-MOR-0006912.bam	macrocarpa_ASF
SYST-MOR-0006913.bam	xxx
SYST-MOR-0006914.bam	xxx
SYST-MOR-0006915.bam	xxx
SYST-MOR-0006916.bam	xxx
SYST-MOR-0006917.bam	xxx
SYST-MOR-0006918.bam	xxx
SYST-MOR-0006919.bam	xxx
SYST-MOR-0006920.bam	xxx
SYST-MOR-0006921.bam	xxx
SYST-MOR-0006922.bam	xxx
SYST-MOR-0006923.bam	xxx
SYST-MOR-0006924.bam	michauxii
SYST-MOR-0006925.bam	lyrata
SYST-MOR-0006926.bam	xxx
SYST-MOR-0006927.bam	xxx
SYST-MOR-0006928.bam	xxx
SYST-MOR-0006929.bam	xxx
SYST-MOR-0006930.bam	xxx
SYST-MOR-0006931.bam	xxx
SYST-MOR-0006932.bam	macrocarpa_GRF
SYST-MOR-0006933.bam	macrocarpa_GRF
SYST-MOR-0006934.bam	macrocarpa_GRF
SYST-MOR-0006935.bam	macrocarpa_GRF
SYST-MOR-0006936.bam	macrocarpa_GRF
SYST-MOR-0006937.bam	macrocarpa_THB
SYST-MOR-0006938.bam	xxx
SYST-MOR-0006939.bam	xxx
SYST-MOR-0006940.bam	xxx
SYST-MOR-0006941.bam	xxx
SYST-MOR-0006942.bam	macrocarpa_THB
SYST-MOR-0006943.bam	macrocarpa_PMN
SYST-MOR-0006944.bam	macrocarpa_PMN
SYST-MOR-0006945.bam	macrocarpa_PMN
SYST-MOR-0006946.bam	xxx
SYST-MOR-0006947.bam	macrocarpa_PMN
SYST-MOR-0006948.bam	macrocarpa_PMN
SYST-MOR-0006949.bam	xxx
SYST-MOR-0006950.bam	xxx
SYST-MOR-0006951.bam	xxx
SYST-MOR-0006952.bam	xxx
SYST-MOR-0006953.bam	xxx
SYST-MOR-0006954.bam	xxx
SYST-MOR-0006955.bam	macrocarpa_PKL
SYST-MOR-0006956.bam	macrocarpa_PKL
SYST-MOR-0006957.bam	macrocarpa_PKL
SYST-MOR-0006958.bam	macrocarpa_PKL
SYST-MOR-0006959.bam	macrocarpa_PKL
SYST-MOR-0006960.bam	macrocarpa_WFS
SYST-MOR-0006961.bam	macrocarpa_WFS
SYST-MOR-0006962.bam	macrocarpa_WFS
SYST-MOR-0006963.bam	macrocarpa_WFS
SYST-MOR-0006964.bam	xxx
SYST-MOR-0006965.bam	xxx
SYST-MOR-0006966.bam	xxx
SYST-MOR-0006967.bam	xxx
SYST-MOR-0006968.bam	macrocarpa_WFS
SYST-MOR-0006969.bam	xxx
SYST-MOR-0006970.bam	bicolor
SYST-MOR-0006971.bam	xxx
SYST-MOR-0006972.bam	xxx
SYST-MOR-0006973.bam	macrocarpa_GLW
SYST-MOR-0006974.bam	xxx
SYST-MOR-0006975.bam	macrocarpa_GLW
SYST-MOR-0006976.bam	xxx
SYST-MOR-0006977.bam	macrocarpa_GLW
SYST-MOR-0006978.bam	xxx
SYST-MOR-0006979.bam	macrocarpa_GLW
SYST-MOR-0006980.bam	macrocarpa_GLW
SYST-MOR-0006981.bam	xxx
SYST-MOR-0006982.bam	xxx
SYST-MOR-0006983.bam	xxx
SYST-MOR-0006984.bam	alba
SYST-MOR-0006985.bam	xxx
SYST-MOR-0006986.bam	xxx
SYST-MOR-0006987.bam	xxx
SYST-MOR-0006988.bam	xxx
SYST-MOR-0006989.bam	xxx
SYST-MOR-0006990.bam	xxx
SYST-MOR-0006991.bam	xxx
SYST-MOR-0006992.bam	xxx
SYST-MOR-0006993.bam	xxx
SYST-MOR-0006994.bam	bicolor
SYST-MOR-0006995.bam	xxx
SYST-MOR-0006996.bam	xxx
SYST-MOR-0006997.bam	xxx
SYST-MOR-0006998.bam	xxx
SYST-MOR-0006999.bam	macrocarpa_PRA
SYST-MOR-0007000.bam	xxx
SYST-MOR-0007001.bam	macrocarpa_PRA
SYST-MOR-0007002.bam	macrocarpa_PRA
SYST-MOR-0007003.bam	macrocarpa_PRA
SYST-MOR-0007004.bam	xxx
SYST-MOR-0007005.bam	xxx
SYST-MOR-0007006.bam	xxx
SYST-MOR-0007007.bam	xxx
SYST-MOR-0007008.bam	xxx
SYST-MOR-0007009.bam	xxx
SYST-MOR-0007010.bam	xxx
SYST-MOR-0007011.bam	xxx
SYST-MOR-0007012.bam	xxx
SYST-MOR-0007013.bam	xxx
SYST-MOR-0007014.bam	xxx
SYST-MOR-0007015.bam	muehlenbergii
SYST-MOR-0007016.bam	macrocarpa_SMP
SYST-MOR-0007017.bam	xxx
SYST-MOR-0007018.bam	macrocarpa_SMP
SYST-MOR-0007019.bam	xxx
SYST-MOR-0007020.bam	macrocarpa_SMP
SYST-MOR-0007021.bam	xxx
SYST-MOR-0007022.bam	macrocarpa_SMP
SYST-MOR-0007023.bam	xxx
SYST-MOR-0007024.bam	macrocarpa_SMP
SYST-MOR-0007025.bam	xxx
SYST-MOR-0007026.bam	xxx
SYST-MOR-0007027.bam	xxx
SYST-MOR-0007028.bam	xxx
SYST-MOR-0007029.bam	xxx
SYST-MOR-0007030.bam	xxx
SYST-MOR-0007031.bam	xxx
SYST-MOR-0007032.bam	xxx
SYST-MOR-0007033.bam	xxx
SYST-MOR-0007034.bam	xxx
SYST-MOR-0007035.bam	xxx
SYST-MOR-0007036.bam	xxx
SYST-MOR-0007037.bam	macrocarpa_KZP
SYST-MOR-0007038.bam	macrocarpa_KZP
SYST-MOR-0007039.bam	xxx
SYST-MOR-0007040.bam	macrocarpa_KZP
SYST-MOR-0007041.bam	xxx
SYST-MOR-0007042.bam	macrocarpa_KZP
SYST-MOR-0007043.bam	xxx
SYST-MOR-0007044.bam	xxx
SYST-MOR-0007045.bam	macrocarpa_KZP
SYST-MOR-0007046.bam	muehlenbergii
SYST-MOR-0007047.bam	xxx
SYST-MOR-0007048.bam	macrocarpa_BIP
SYST-MOR-0007049.bam	macrocarpa_BIP
SYST-MOR-0007050.bam	xxx
SYST-MOR-0007051.bam	xxx
SYST-MOR-0007052.bam	xxx
SYST-MOR-0007053.bam	xxx
SYST-MOR-0007054.bam	xxx
SYST-MOR-0007055.bam	xxx
SYST-MOR-0007056.bam	xxx
SYST-MOR-0007057.bam	xxx
SYST-MOR-0007058.bam	xxx
SYST-MOR-0007059.bam	xxx
SYST-MOR-0007060.bam	xxx
SYST-MOR-0007061.bam	alba
SYST-MOR-0007062.bam	xxx
SYST-MOR-0007063.bam	xxx
SYST-MOR-0007064.bam	xxx
SYST-MOR-0007065.bam	xxx
SYST-MOR-0007066.bam	macrocarpa_SSP
SYST-MOR-0007067.bam	xxx
SYST-MOR-0007068.bam	xxx
SYST-MOR-0007069.bam	macrocarpa_SSP
SYST-MOR-0007070.bam	macrocarpa_SSP
SYST-MOR-0007071.bam	macrocarpa_CMB
SYST-MOR-0007072.bam	macrocarpa_CMB
SYST-MOR-0007073.bam	macrocarpa_CMB
SYST-MOR-0007074.bam	macrocarpa_CMB
SYST-MOR-0007075.bam	xxx
SYST-MOR-0007076.bam	macrocarpa_CMB
SYST-MOR-0007077.bam	xxx
SYST-MOR-0007078.bam	xxx
SYST-MOR-0007079.bam	xxx
SYST-MOR-0007080.bam	alba
SYST-MOR-0007081.bam	xxx
SYST-MOR-0007082.bam	xxx
SYST-MOR-0007083.bam	xxx
SYST-MOR-0007084.bam	xxx
SYST-MOR-0007085.bam	xxx
SYST-MOR-0007086.bam	macrocarpa_DHT
SYST-MOR-0007087.bam	xxx
SYST-MOR-0007088.bam	macrocarpa_DHT
SYST-MOR-0007089.bam	xxx
SYST-MOR-0007090.bam	montana
SYST-MOR-0007091.bam	xxx
SYST-MOR-0007092.bam	montana
SYST-MOR-0007093.bam	xxx
SYST-MOR-0007094.bam	montana
SYST-MOR-0007095.bam	xxx
SYST-MOR-0007096.bam	xxx
SYST-MOR-0007097.bam	xxx
SYST-MOR-0007098.bam	xxx
SYST-MOR-0007099.bam	xxx
SYST-MOR-0007100.bam	xxx
SYST-MOR-0007101.bam	xxx
SYST-MOR-0007102.bam	xxx
SYST-MOR-0007103.bam	xxx
SYST-MOR-0007104.bam	xxx
SYST-MOR-0007105.bam	xxx
SYST-MOR-0007106.bam	xxx
SYST-MOR-0007107.bam	xxx
SYST-MOR-0007108.bam	xxx
SYST-MOR-0007109.bam	xxx
SYST-MOR-0007110.bam	xxx
SYST-MOR-0007111.bam	xxx
SYST-MOR-0007112.bam	xxx
SYST-MOR-0007113.bam	xxx
SYST-MOR-0007114.bam	macrocarpa_NMK
SYST-MOR-0007115.bam	macrocarpa_NMK
SYST-MOR-0007116.bam	macrocarpa_NMK
SYST-MOR-0007117.bam	macrocarpa_NMK
SYST-MOR-0007118.bam	macrocarpa_NMK
SYST-MOR-0007119.bam	xxx
SYST-MOR-0007120.bam	alba
SYST-MOR-0007121.bam	xxx
SYST-MOR-0007122.bam	xxx
SYST-MOR-0007123.bam	macrocarpa_SBF
SYST-MOR-0007124.bam	xxx
SYST-MOR-0007125.bam	xxx
SYST-MOR-0007126.bam	macrocarpa_SBF
SYST-MOR-0007127.bam	xxx
SYST-MOR-0007128.bam	xxx
SYST-MOR-0007129.bam	xxx
SYST-MOR-0007130.bam	macrocarpa_BRP
SYST-MOR-0007131.bam	xxx
SYST-MOR-0007132.bam	macrocarpa_BRP
SYST-MOR-0007133.bam	xxx
SYST-MOR-0007134.bam	lyrata
SYST-MOR-0007135.bam	xxx
SYST-MOR-0007136.bam	xxx
SYST-MOR-0007137.bam	macrocarpa_BRP
SYST-MOR-0007138.bam	xxx
SYST-MOR-0007139.bam	xxx
SYST-MOR-0007140.bam	xxx
SYST-MOR-0007141.bam	xxx
SYST-MOR-0007142.bam	xxx
SYST-MOR-0007143.bam	macrocarpa_BRP
SYST-MOR-0007144.bam	xxx
SYST-MOR-0007145.bam	xxx
SYST-MOR-0007146.bam	macrocarpa_BRP
SYST-MOR-0007147.bam	xxx
SYST-MOR-0007148.bam	xxx
SYST-MOR-0007149.bam	xxx
SYST-MOR-0007150.bam	macrocarpa_BRZ
SYST-MOR-0007151.bam	macrocarpa_BRZ
SYST-MOR-0007152.bam	macrocarpa_BRZ
SYST-MOR-0007153.bam	macrocarpa_BRZ
SYST-MOR-0007154.bam	michauxii
SYST-MOR-0007155.bam	xxx
SYST-MOR-0007156.bam	macrocarpa_BRZ
SYST-MOR-0007157.bam	xxx
SYST-MOR-0007158.bam	xxx
SYST-MOR-0007159.bam	macrocarpa_PLM
SYST-MOR-0007160.bam	sinuata
SYST-MOR-0007161.bam	macrocarpa_PLM
SYST-MOR-0007162.bam	sinuata
SYST-MOR-0007163.bam	macrocarpa_PLM
SYST-MOR-0007164.bam	macrocarpa_PLM
SYST-MOR-0007165.bam	xxx
SYST-MOR-0007166.bam	sinuata
SYST-MOR-0007167.bam	sinuata
SYST-MOR-0007168.bam	macrocarpa_PLM
SYST-MOR-0007169.bam	xxx
SYST-MOR-0007170.bam	xxx
SYST-MOR-0007171.bam	macrocarpa_CHS
SYST-MOR-0007172.bam	xxx
SYST-MOR-0007173.bam	stellata
SYST-MOR-0007174.bam	macrocarpa_CHS
SYST-MOR-0007175.bam	xxx
SYST-MOR-0007176.bam	macrocarpa_CHS
SYST-MOR-0007177.bam	macrocarpa_CHS
SYST-MOR-0007178.bam	sinuata
SYST-MOR-0007179.bam	macrocarpa_CHS
SYST-MOR-0007180.bam	xxx
SYST-MOR-0007181.bam	macrocarpa_RCA
SYST-MOR-0007182.bam	xxx
SYST-MOR-0007183.bam	macrocarpa_RCA
SYST-MOR-0007184.bam	xxx
SYST-MOR-0007185.bam	bicolor
SYST-MOR-0007186.bam	xxx
SYST-MOR-0007187.bam	xxx
SYST-MOR-0007188.bam	macrocarpa_RCA
SYST-MOR-0007189.bam	xxx
SYST-MOR-0007190.bam	macrocarpa_RCA
SYST-MOR-0007191.bam	xxx
SYST-MOR-0007192.bam	xxx
SYST-MOR-0007193.bam	macrocarpa_RCA
SYST-MOR-0007194.bam	xxx
SYST-MOR-0007195.bam	xxx
SYST-MOR-0007196.bam	bicolor
SYST-MOR-0007197.bam	xxx
SYST-MOR-0007198.bam	xxx
SYST-MOR-0007199.bam	xxx
SYST-MOR-0007200.bam	xxx
SYST-MOR-0007201.bam	xxx
SYST-MOR-0007202.bam	xxx
SYST-MOR-0007203.bam	xxx
SYST-MOR-0007204.bam	xxx
SYST-MOR-0007205.bam	muehlenbergii
SYST-MOR-0007206.bam	macrocarpa_TYL
SYST-MOR-0007207.bam	macrocarpa_TYL
SYST-MOR-0007208.bam	macrocarpa_TYL
SYST-MOR-0007209.bam	xxx
SYST-MOR-0007210.bam	xxx
SYST-MOR-0007211.bam	xxx
SYST-MOR-0007212.bam	bicolor
SYST-MOR-0007213.bam	xxx
SYST-MOR-0007214.bam	xxx
SYST-MOR-0007215.bam	muehlenbergii
SYST-MOR-0007216.bam	xxx
SYST-MOR-0007217.bam	xxx
SYST-MOR-0007218.bam	xxx
SYST-MOR-0007219.bam	macrocarpa_BLR
SYST-MOR-0007220.bam	macrocarpa_BLR
SYST-MOR-0007221.bam	macrocarpa_LCP
SYST-MOR-0007222.bam	macrocarpa_LCP
SYST-MOR-0007223.bam	xxx
SYST-MOR-0007224.bam	xxx
SYST-MOR-0007225.bam	xxx
SYST-MOR-0007226.bam	xxx
SYST-MOR-0007227.bam	xxx
SYST-MOR-0007228.bam	xxx
SYST-MOR-0007229.bam	xxx
SYST-MOR-0007230.bam	xxx
SYST-MOR-0007231.bam	xxx
SYST-MOR-0007232.bam	xxx
SYST-MOR-0007233.bam	xxx
SYST-MOR-0007234.bam	xxx
SYST-MOR-0007235.bam	xxx
SYST-MOR-0007236.bam	xxx
SYST-MOR-0007237.bam	xxx
SYST-MOR-0007238.bam	xxx
SYST-MOR-0007239.bam	montana
SYST-MOR-0007240.bam	montana
SYST-MOR-0007241.bam	macrocarpa_CHB
SYST-MOR-0007242.bam	macrocarpa_CHB
SYST-MOR-0007243.bam	macrocarpa_CHB
SYST-MOR-0007244.bam	xxx
SYST-MOR-0007245.bam	xxx
SYST-MOR-0007246.bam	macrocarpa_CHB
SYST-MOR-0007247.bam	macrocarpa_CHB
SYST-MOR-0007248.bam	xxx
SYST-MOR-0007249.bam	xxx
SYST-MOR-0007250.bam	xxx
SYST-MOR-0007251.bam	macrocarpa_CDR
SYST-MOR-0007252.bam	macrocarpa_CDR
SYST-MOR-0007253.bam	macrocarpa_CDR
SYST-MOR-0007254.bam	macrocarpa_CDR
SYST-MOR-0007255.bam	macrocarpa_CDR
SYST-MOR-0007256.bam	xxx
SYST-MOR-0007257.bam	xxx
SYST-MOR-0007258.bam	xxx
SYST-MOR-0007259.bam	xxx
SYST-MOR-0007260.bam	xxx
SYST-MOR-0007357.bam	macrocarpa_WPP
SYST-MOR-0007358.bam	macrocarpa_WPP
SYST-MOR-0007359.bam	macrocarpa_WPP
SYST-MOR-0007360.bam	macrocarpa_WPP
SYST-MOR-0007361.bam	macrocarpa_WPP
SYST-MOR-0007362.bam	macrocarpa_WPP
SYST-MOR-0007363.bam	macrocarpa_WPP
SYST-MOR-0007364.bam	macrocarpa_WPP
SYST-MOR-0007365.bam	macrocarpa_WPP
SYST-MOR-0007366.bam	macrocarpa_WPP
SYST-MOR-0007367.bam	macrocarpa_SWP
SYST-MOR-0007368.bam	macrocarpa_SWP
SYST-MOR-0007369.bam	macrocarpa_SWP
SYST-MOR-0007370.bam	macrocarpa_SWP
SYST-MOR-0007371.bam	macrocarpa_SWP
SYST-MOR-0007372.bam	macrocarpa_SWP
SYST-MOR-0007373.bam	macrocarpa_SWP
SYST-MOR-0007374.bam	macrocarpa_SWP
SYST-MOR-0007375.bam	macrocarpa_SWP
SYST-MOR-0007376.bam	macrocarpa_SWP
SYST-MOR-0007377.bam	macrocarpa_ABF
SYST-MOR-0007378.bam	macrocarpa_ABF
SYST-MOR-0007379.bam	macrocarpa_ABF
SYST-MOR-0007380.bam	macrocarpa_ABF
SYST-MOR-0007381.bam	macrocarpa_ABF
SYST-MOR-0007382.bam	macrocarpa_ABF
SYST-MOR-0007383.bam	macrocarpa_ABF
SYST-MOR-0007384.bam	macrocarpa_ABF
SYST-MOR-0007385.bam	macrocarpa_ABF
SYST-MOR-0007386.bam	macrocarpa_ABF
SYST-MOR-0007387.bam	macrocarpa_RLF
SYST-MOR-0007388.bam	macrocarpa_RLF
SYST-MOR-0007389.bam	macrocarpa_RLF
SYST-MOR-0007390.bam	macrocarpa_RLF
SYST-MOR-0007391.bam	macrocarpa_RLF
SYST-MOR-0007392.bam	macrocarpa_RLF
SYST-MOR-0007409.bam	macrocarpa_NOW
SYST-MOR-0007410.bam	macrocarpa_NOW
SYST-MOR-0007411.bam	macrocarpa_NOW
SYST-MOR-0007412.bam	macrocarpa_NOW
SYST-MOR-0007413.bam	macrocarpa_NOW
SYST-MOR-0007414.bam	macrocarpa_NOW
SYST-MOR-0007415.bam	macrocarpa_NOW
SYST-MOR-0007416.bam	macrocarpa_NOW
SYST-MOR-0007417.bam	macrocarpa_NOW
SYST-MOR-0007418.bam	macrocarpa_NOW
SYST-MOR-0007419.bam	macrocarpa_BRA
SYST-MOR-0007420.bam	macrocarpa_BRA
SYST-MOR-0007421.bam	macrocarpa_BRA
SYST-MOR-0007422.bam	macrocarpa_BRA
SYST-MOR-0007423.bam	macrocarpa_BRA
SYST-MOR-0007424.bam	macrocarpa_BRA
SYST-MOR-0007425.bam	macrocarpa_BOW
SYST-MOR-0007426.bam	macrocarpa_BOW
SYST-MOR-0007427.bam	macrocarpa_BOW
SYST-MOR-0007428.bam	macrocarpa_BOW
SYST-MOR-0007429.bam	macrocarpa_BOW
SYST-MOR-0007430.bam	macrocarpa_BOW
SYST-MOR-0007431.bam	macrocarpa_BOW
SYST-MOR-0007432.bam	macrocarpa_BOW
SYST-MOR-0007433.bam	macrocarpa_BOW
SYST-MOR-0007434.bam	macrocarpa_BOW
SYST-MOR-0007435.bam	xxx
SYST-MOR-0007436.bam	xxx
SYST-MOR-0007437.bam	macrocarpa_PCP
SYST-MOR-0007438.bam	macrocarpa_PCP
SYST-MOR-0007439.bam	xxx
SYST-MOR-0007440.bam	macrocarpa_PCP
SYST-MOR-0007441.bam	macrocarpa_PCP
SYST-MOR-0007442.bam	xxx
SYST-MOR-0007443.bam	xxx
SYST-MOR-0007444.bam	macrocarpa_PCP
SYST-MOR-0007445.bam	macrocarpa_PCP
SYST-MOR-0007446.bam	macrocarpa_OTB
SYST-MOR-0007447.bam	macrocarpa_OTB
SYST-MOR-0007448.bam	macrocarpa_OTB
SYST-MOR-0007449.bam	macrocarpa_OTB
SYST-MOR-0007450.bam	macrocarpa_OTB
SYST-MOR-0007451.bam	macrocarpa_OTB
SYST-MOR-0007452.bam	macrocarpa_OTB
SYST-MOR-0007453.bam	macrocarpa_OTB
SYST-MOR-0007454.bam	macrocarpa_OTB
SYST-MOR-0007455.bam	macrocarpa_QPA
SYST-MOR-0007456.bam	macrocarpa_QPA
SYST-MOR-0007457.bam	macrocarpa_QPA
SYST-MOR-0007458.bam	macrocarpa_QPA
SYST-MOR-0007459.bam	macrocarpa_QPA
SYST-MOR-0007460.bam	macrocarpa_QPA
SYST-MOR-0007461.bam	macrocarpa_QPA
SYST-MOR-0007462.bam	macrocarpa_QPA
SYST-MOR-0007463.bam	macrocarpa_QPA
SYST-MOR-0007464.bam	macrocarpa_QPA
SYST-MOR-0007465.bam	macrocarpa_QPA
SYST-MOR-0007466.bam	macrocarpa_PKS
SYST-MOR-0007467.bam	macrocarpa_PKS
SYST-MOR-0007468.bam	macrocarpa_PKS
SYST-MOR-0007469.bam	macrocarpa_PKS
SYST-MOR-0007470.bam	macrocarpa_PKS
SYST-MOR-0007471.bam	xxx
SYST-MOR-0007472.bam	macrocarpa_PKS
SYST-MOR-0007473.bam	macrocarpa_PKS
SYST-MOR-0007474.bam	macrocarpa_PKS
SYST-MOR-0007475.bam	macrocarpa_PKS
SYST-MOR-0007476.bam	macrocarpa_DPS
SYST-MOR-0007477.bam	macrocarpa_DPS
SYST-MOR-0007478.bam	macrocarpa_DPS
SYST-MOR-0007479.bam	macrocarpa_DPS
SYST-MOR-0007480.bam	macrocarpa_DPS
SYST-MOR-0007481.bam	macrocarpa_DPS
SYST-MOR-0007482.bam	macrocarpa_DPS
SYST-MOR-0007483.bam	macrocarpa_DPS
SYST-MOR-0007484.bam	macrocarpa_DPS
SYST-MOR-0007485.bam	macrocarpa_DPS
SYST-MOR-0007486.bam	macrocarpa_CSP
SYST-MOR-0007487.bam	macrocarpa_CSP
SYST-MOR-0007488.bam	macrocarpa_CSP
SYST-MOR-0007489.bam	macrocarpa_CSP
SYST-MOR-0007490.bam	macrocarpa_CSP
SYST-MOR-0007491.bam	macrocarpa_CSP
SYST-MOR-0007492.bam	macrocarpa_CSP
SYST-MOR-0007493.bam	macrocarpa_CSP
SYST-MOR-0007494.bam	macrocarpa_CSP
SYST-MOR-0007495.bam	macrocarpa_CSP
SYST-MOR-0007496.bam	macrocarpa_SF
SYST-MOR-0007497.bam	macrocarpa_SF
SYST-MOR-0007498.bam	macrocarpa_SF
SYST-MOR-0007499.bam	macrocarpa_SF
SYST-MOR-0007500.bam	macrocarpa_SF
SYST-MOR-0007501.bam	macrocarpa_SF
SYST-MOR-0007502.bam	macrocarpa_SF
SYST-MOR-0007503.bam	macrocarpa_SF
SYST-MOR-0007504.bam	macrocarpa_SF
SYST-MOR-0007505.bam	macrocarpa_SF
