SRR14632928.bam	lobata
SRR14632932.bam	lobata
SRR14632950.bam	lobata
SRR14632961.bam	lobata
SRR14632968.bam	lobata
SRR24768716.bam	Outgroup
SRR24768723.bam	Outgroup
SRR24768736.bam	Outgroup
SRR24768754.bam	Outgroup
SRR24768763.bam	Outgroup
SYST-MOR-0006717.bam	michauxii
SYST-MOR-0006718.bam	michauxii
SYST-MOR-0006721.bam	macrocarpa_MO_SH
SYST-MOR-0006722.bam	macrocarpa_MO_SH
SYST-MOR-0006723.bam	macrocarpa_MO_SH
SYST-MOR-0006724.bam	macrocarpa_MO_SH
SYST-MOR-0006725.bam	macrocarpa_MO_SH
SYST-MOR-0006729.bam	macrocarpa_IL_MOR
SYST-MOR-0006731.bam	macrocarpa_IL_MOR
SYST-MOR-0006735.bam	macrocarpa_IL_MOR
SYST-MOR-0006737.bam	macrocarpa_IL_MOR
SYST-MOR-0006738.bam	macrocarpa_IL_MOR
SYST-MOR-0006740.bam	macrocarpa_IL_MOR
SYST-MOR-0006742.bam	stellata
SYST-MOR-0006749.bam	stellata
SYST-MOR-0006751.bam	alba
SYST-MOR-0006753.bam	macrocarpa_IL_OB
SYST-MOR-0006754.bam	lyrata
SYST-MOR-0006755.bam	macrocarpa_IL_OB
SYST-MOR-0006758.bam	macrocarpa_IL_OB
SYST-MOR-0006759.bam	macrocarpa_IL_OB
SYST-MOR-0006760.bam	lyrata
SYST-MOR-0006761.bam	macrocarpa_IL_OB
SYST-MOR-0006763.bam	macrocarpa_MO_BOT
SYST-MOR-0006764.bam	macrocarpa_MO_BOT
SYST-MOR-0006765.bam	macrocarpa_MO_BOT
SYST-MOR-0006767.bam	macrocarpa_MO_BOT
SYST-MOR-0006768.bam	lyrata
SYST-MOR-0006770.bam	macrocarpa_MO_BOT
SYST-MOR-0006772.bam	macrocarpa_MO_BOT
SYST-MOR-0006773.bam	michauxii
SYST-MOR-0006778.bam	macrocarpa_IA_BSP
SYST-MOR-0006779.bam	macrocarpa_IA_BSP
SYST-MOR-0006780.bam	macrocarpa_IA_BSP
SYST-MOR-0006781.bam	macrocarpa_IA_BSP
SYST-MOR-0006782.bam	macrocarpa_IA_BSP
SYST-MOR-0006787.bam	muehlenbergii
SYST-MOR-0006791.bam	macrocarpa_IA_LNW
SYST-MOR-0006792.bam	macrocarpa_IA_LNW
SYST-MOR-0006798.bam	macrocarpa_IA_CHP
SYST-MOR-0006799.bam	macrocarpa_IA_CHP
SYST-MOR-0006801.bam	macrocarpa_IA_CHP
SYST-MOR-0006802.bam	macrocarpa_IA_CHP
SYST-MOR-0006803.bam	macrocarpa_MO_CSW
SYST-MOR-0006804.bam	macrocarpa_MO_CSW
SYST-MOR-0006805.bam	macrocarpa_MO_CSW
SYST-MOR-0006844.bam	macrocarpa_OK_RRC
SYST-MOR-0006852.bam	macrocarpa_OK_RRC
SYST-MOR-0006853.bam	macrocarpa_OK_RRC
SYST-MOR-0006854.bam	macrocarpa_OK_RRC
SYST-MOR-0006857.bam	macrocarpa_OK_TGP
SYST-MOR-0006858.bam	macrocarpa_OK_TGP
SYST-MOR-0006861.bam	macrocarpa_OK_TGP
SYST-MOR-0006862.bam	macrocarpa_OK_TGP
SYST-MOR-0006865.bam	stellata
SYST-MOR-0006866.bam	macrocarpa_OK_TGP
SYST-MOR-0006870.bam	macrocarpa_TN_BCP
SYST-MOR-0006872.bam	macrocarpa_TN_BCP
SYST-MOR-0006873.bam	macrocarpa_TN_BCP
SYST-MOR-0006875.bam	macrocarpa_TN_BCP
SYST-MOR-0006878.bam	macrocarpa_TN_BCP
SYST-MOR-0006886.bam	stellata
SYST-MOR-0006890.bam	macrocarpa_KY_LXC
SYST-MOR-0006892.bam	macrocarpa_KY_LXC
SYST-MOR-0006893.bam	macrocarpa_KY_LXC
SYST-MOR-0006897.bam	macrocarpa_KY_BBF
SYST-MOR-0006899.bam	macrocarpa_KY_BBF
SYST-MOR-0006903.bam	macrocarpa_KY_BBF
SYST-MOR-0006904.bam	macrocarpa_KY_BBF
SYST-MOR-0006906.bam	macrocarpa_KY_BBF
SYST-MOR-0006907.bam	macrocarpa_KY_ASF
SYST-MOR-0006908.bam	macrocarpa_KY_ASF
SYST-MOR-0006909.bam	macrocarpa_KY_ASF
SYST-MOR-0006911.bam	macrocarpa_KY_ASF
SYST-MOR-0006912.bam	macrocarpa_KY_ASF
SYST-MOR-0006924.bam	michauxii
SYST-MOR-0006925.bam	lyrata
SYST-MOR-0006932.bam	macrocarpa_KY_GRF
SYST-MOR-0006933.bam	macrocarpa_KY_GRF
SYST-MOR-0006934.bam	macrocarpa_KY_GRF
SYST-MOR-0006935.bam	macrocarpa_KY_GRF
SYST-MOR-0006936.bam	macrocarpa_KY_GRF
SYST-MOR-0006937.bam	macrocarpa_WI_THB
SYST-MOR-0006942.bam	macrocarpa_WI_THB
SYST-MOR-0006943.bam	macrocarpa_MN_PMN
SYST-MOR-0006944.bam	macrocarpa_MN_PMN
SYST-MOR-0006945.bam	macrocarpa_MN_PMN
SYST-MOR-0006947.bam	macrocarpa_MN_PMN
SYST-MOR-0006948.bam	macrocarpa_MN_PMN
SYST-MOR-0006955.bam	macrocarpa_WI_PKL
SYST-MOR-0006956.bam	macrocarpa_WI_PKL
SYST-MOR-0006957.bam	macrocarpa_WI_PKL
SYST-MOR-0006958.bam	macrocarpa_WI_PKL
SYST-MOR-0006959.bam	macrocarpa_WI_PKL
SYST-MOR-0006960.bam	macrocarpa_WI_WFS
SYST-MOR-0006961.bam	macrocarpa_WI_WFS
SYST-MOR-0006962.bam	macrocarpa_WI_WFS
SYST-MOR-0006963.bam	macrocarpa_WI_WFS
SYST-MOR-0006968.bam	macrocarpa_WI_WFS
SYST-MOR-0006970.bam	bicolor
SYST-MOR-0006975.bam	macrocarpa_OH_GLW
SYST-MOR-0006977.bam	macrocarpa_OH_GLW
SYST-MOR-0006979.bam	macrocarpa_OH_GLW
SYST-MOR-0006980.bam	macrocarpa_OH_GLW
SYST-MOR-0006984.bam	alba
SYST-MOR-0006994.bam	bicolor
SYST-MOR-0006999.bam	macrocarpa_MI_PRA
SYST-MOR-0007001.bam	macrocarpa_MI_PRA
SYST-MOR-0007002.bam	macrocarpa_MI_PRA
SYST-MOR-0007003.bam	macrocarpa_MI_PRA
SYST-MOR-0007015.bam	muehlenbergii
SYST-MOR-0007016.bam	macrocarpa_KS_SMP
SYST-MOR-0007018.bam	macrocarpa_KS_SMP
SYST-MOR-0007020.bam	macrocarpa_KS_SMP
SYST-MOR-0007022.bam	macrocarpa_KS_SMP
SYST-MOR-0007024.bam	macrocarpa_KS_SMP
SYST-MOR-0007037.bam	macrocarpa_KS_KZP
SYST-MOR-0007038.bam	macrocarpa_KS_KZP
SYST-MOR-0007040.bam	macrocarpa_KS_KZP
SYST-MOR-0007042.bam	macrocarpa_KS_KZP
SYST-MOR-0007045.bam	macrocarpa_KS_KZP
SYST-MOR-0007046.bam	muehlenbergii
SYST-MOR-0007061.bam	alba
SYST-MOR-0007066.bam	macrocarpa_NY_SSP
SYST-MOR-0007072.bam	macrocarpa_NY_CMB
SYST-MOR-0007073.bam	macrocarpa_NY_CMB
SYST-MOR-0007080.bam	alba
SYST-MOR-0007090.bam	montana
SYST-MOR-0007092.bam	montana
SYST-MOR-0007094.bam	montana
SYST-MOR-0007116.bam	macrocarpa_MA_NMK
SYST-MOR-0007120.bam	alba
SYST-MOR-0007130.bam	macrocarpa_AR_BRP
SYST-MOR-0007132.bam	macrocarpa_AR_BRP
SYST-MOR-0007134.bam	lyrata
SYST-MOR-0007143.bam	macrocarpa_AR_BRP
SYST-MOR-0007152.bam	macrocarpa_TX_BRZ
SYST-MOR-0007153.bam	macrocarpa_TX_BRZ
SYST-MOR-0007154.bam	michauxii
SYST-MOR-0007156.bam	macrocarpa_TX_BRZ
SYST-MOR-0007159.bam	macrocarpa_TX_PLM
SYST-MOR-0007160.bam	sinuata
SYST-MOR-0007161.bam	macrocarpa_TX_PLM
SYST-MOR-0007162.bam	sinuata
SYST-MOR-0007163.bam	macrocarpa_TX_PLM
SYST-MOR-0007164.bam	macrocarpa_TX_PLM
SYST-MOR-0007166.bam	sinuata
SYST-MOR-0007167.bam	sinuata
SYST-MOR-0007168.bam	macrocarpa_TX_PLM
SYST-MOR-0007171.bam	macrocarpa_TX_CHP
SYST-MOR-0007173.bam	stellata
SYST-MOR-0007174.bam	macrocarpa_TX_CHP
SYST-MOR-0007176.bam	macrocarpa_TX_CHP
SYST-MOR-0007178.bam	sinuata
SYST-MOR-0007179.bam	macrocarpa_TX_CHP
SYST-MOR-0007181.bam	macrocarpa_IL_RCA
SYST-MOR-0007183.bam	macrocarpa_IL_RCA
SYST-MOR-0007185.bam	bicolor
SYST-MOR-0007188.bam	macrocarpa_IL_RCA
SYST-MOR-0007190.bam	macrocarpa_IL_RCA
SYST-MOR-0007193.bam	macrocarpa_IL_RCA
SYST-MOR-0007196.bam	bicolor
SYST-MOR-0007205.bam	muehlenbergii
SYST-MOR-0007206.bam	macrocarpa_IN_TYL
SYST-MOR-0007207.bam	macrocarpa_IN_TYL
SYST-MOR-0007208.bam	macrocarpa_IN_TYL
SYST-MOR-0007212.bam	bicolor
SYST-MOR-0007215.bam	muehlenbergii
SYST-MOR-0007219.bam	macrocarpa_IN_BLR
SYST-MOR-0007220.bam	macrocarpa_IN_BLR
SYST-MOR-0007221.bam	macrocarpa_IN_LCP
SYST-MOR-0007222.bam	macrocarpa_IN_LCP
SYST-MOR-0007239.bam	montana
SYST-MOR-0007240.bam	montana
SYST-MOR-0007241.bam	macrocarpa_IL_CHB
SYST-MOR-0007242.bam	macrocarpa_IL_CHB
SYST-MOR-0007243.bam	macrocarpa_IL_CHB
SYST-MOR-0007246.bam	macrocarpa_IL_CHB
SYST-MOR-0007247.bam	macrocarpa_IL_CHB
SYST-MOR-0007251.bam	macrocarpa_MN_CDR
SYST-MOR-0007252.bam	macrocarpa_MN_CDR
SYST-MOR-0007253.bam	macrocarpa_MN_CDR
SYST-MOR-0007254.bam	macrocarpa_MN_CDR
SYST-MOR-0007255.bam	macrocarpa_MN_CDR
SYST-MOR-0007357.bam	macrocarpa_MB_WPP
SYST-MOR-0007358.bam	macrocarpa_MB_WPP
SYST-MOR-0007359.bam	macrocarpa_MB_WPP
SYST-MOR-0007360.bam	macrocarpa_MB_WPP
SYST-MOR-0007361.bam	macrocarpa_MB_WPP
SYST-MOR-0007362.bam	macrocarpa_MB_WPP
SYST-MOR-0007363.bam	macrocarpa_MB_WPP
SYST-MOR-0007364.bam	macrocarpa_MB_WPP
SYST-MOR-0007365.bam	macrocarpa_MB_WPP
SYST-MOR-0007366.bam	macrocarpa_MB_WPP
SYST-MOR-0007367.bam	macrocarpa_MB_SWP
SYST-MOR-0007368.bam	macrocarpa_MB_SWP
SYST-MOR-0007369.bam	macrocarpa_MB_SWP
SYST-MOR-0007370.bam	macrocarpa_MB_SWP
SYST-MOR-0007372.bam	macrocarpa_MB_SWP
SYST-MOR-0007373.bam	macrocarpa_MB_SWP
SYST-MOR-0007374.bam	macrocarpa_MB_SWP
SYST-MOR-0007375.bam	macrocarpa_MB_SWP
SYST-MOR-0007376.bam	macrocarpa_MB_SWP
SYST-MOR-0007377.bam	macrocarpa_MB_ASF
SYST-MOR-0007378.bam	macrocarpa_MB_ASF
SYST-MOR-0007379.bam	macrocarpa_MB_ASF
SYST-MOR-0007380.bam	macrocarpa_MB_ASF
SYST-MOR-0007381.bam	macrocarpa_MB_ASF
SYST-MOR-0007382.bam	macrocarpa_MB_ASF
SYST-MOR-0007383.bam	macrocarpa_MB_ASF
SYST-MOR-0007384.bam	macrocarpa_MB_ASF
SYST-MOR-0007385.bam	macrocarpa_MB_ASF
SYST-MOR-0007386.bam	macrocarpa_MB_ASF
SYST-MOR-0007387.bam	macrocarpa_WI_RLF
SYST-MOR-0007388.bam	macrocarpa_WI_RLF
SYST-MOR-0007389.bam	macrocarpa_WI_RLF
SYST-MOR-0007390.bam	macrocarpa_WI_RLF
SYST-MOR-0007391.bam	macrocarpa_WI_RLF
SYST-MOR-0007392.bam	macrocarpa_WI_RLF
SYST-MOR-0007409.bam	macrocarpa_OK_NOW
SYST-MOR-0007410.bam	macrocarpa_OK_NOW
SYST-MOR-0007411.bam	macrocarpa_OK_NOW
SYST-MOR-0007412.bam	macrocarpa_OK_NOW
SYST-MOR-0007413.bam	macrocarpa_OK_NOW
SYST-MOR-0007414.bam	macrocarpa_OK_NOW
SYST-MOR-0007415.bam	macrocarpa_OK_NOW
SYST-MOR-0007416.bam	macrocarpa_OK_NOW
SYST-MOR-0007417.bam	macrocarpa_OK_NOW
SYST-MOR-0007418.bam	macrocarpa_OK_NOW
SYST-MOR-0007419.bam	macrocarpa_MO_BRA
SYST-MOR-0007421.bam	macrocarpa_MO_BRA
SYST-MOR-0007422.bam	macrocarpa_MO_BRA
SYST-MOR-0007423.bam	macrocarpa_MO_BRA
SYST-MOR-0007424.bam	macrocarpa_MO_BRA
SYST-MOR-0007425.bam	macrocarpa_IN_BOW
SYST-MOR-0007427.bam	macrocarpa_IN_BOW
SYST-MOR-0007429.bam	macrocarpa_IN_BOW
SYST-MOR-0007430.bam	macrocarpa_IN_BOW
SYST-MOR-0007431.bam	macrocarpa_IN_BOW
SYST-MOR-0007432.bam	macrocarpa_IN_BOW
SYST-MOR-0007433.bam	macrocarpa_IN_BOW
SYST-MOR-0007434.bam	macrocarpa_IN_BOW
SYST-MOR-0007446.bam	macrocarpa_MN_OTB
SYST-MOR-0007447.bam	macrocarpa_MN_OTB
SYST-MOR-0007448.bam	macrocarpa_MN_OTB
SYST-MOR-0007449.bam	macrocarpa_MN_OTB
SYST-MOR-0007450.bam	macrocarpa_MN_OTB
SYST-MOR-0007451.bam	macrocarpa_MN_OTB
SYST-MOR-0007452.bam	macrocarpa_MN_OTB
SYST-MOR-0007453.bam	macrocarpa_MN_OTB
SYST-MOR-0007454.bam	macrocarpa_MN_OTB
SYST-MOR-0007455.bam	macrocarpa_MN_OTB
SYST-MOR-0007456.bam	macrocarpa_MN_OTB
SYST-MOR-0007457.bam	macrocarpa_MN_OTB
SYST-MOR-0007458.bam	macrocarpa_MN_OTB
SYST-MOR-0007459.bam	macrocarpa_MN_OTB
SYST-MOR-0007460.bam	macrocarpa_MN_OTB
SYST-MOR-0007461.bam	macrocarpa_MN_OTB
SYST-MOR-0007462.bam	macrocarpa_MN_OTB
SYST-MOR-0007463.bam	macrocarpa_MN_OTB
SYST-MOR-0007464.bam	macrocarpa_MN_OTB
SYST-MOR-0007465.bam	macrocarpa_MN_OTB
SYST-MOR-0007467.bam	macrocarpa_OH_PKS
SYST-MOR-0007468.bam	macrocarpa_OH_PKS
SYST-MOR-0007469.bam	macrocarpa_OH_PKS
SYST-MOR-0007470.bam	macrocarpa_OH_PKS
SYST-MOR-0007472.bam	macrocarpa_OH_PKS
SYST-MOR-0007473.bam	macrocarpa_OH_PKS
SYST-MOR-0007474.bam	macrocarpa_OH_PKS
SYST-MOR-0007475.bam	macrocarpa_OH_PKS
SYST-MOR-0007476.bam	macrocarpa_OH_DPS
SYST-MOR-0007477.bam	macrocarpa_OH_DPS
SYST-MOR-0007478.bam	macrocarpa_OH_DPS
SYST-MOR-0007479.bam	macrocarpa_OH_DPS
SYST-MOR-0007480.bam	macrocarpa_OH_DPS
SYST-MOR-0007481.bam	macrocarpa_OH_DPS
SYST-MOR-0007482.bam	macrocarpa_OH_DPS
SYST-MOR-0007483.bam	macrocarpa_OH_DPS
SYST-MOR-0007484.bam	macrocarpa_OH_DPS
SYST-MOR-0007485.bam	macrocarpa_OH_DPS
SYST-MOR-0007486.bam	macrocarpa_SD_CSP
SYST-MOR-0007488.bam	macrocarpa_SD_CSP
SYST-MOR-0007490.bam	macrocarpa_SD_CSP
SYST-MOR-0007491.bam	macrocarpa_SD_CSP
SYST-MOR-0007493.bam	macrocarpa_SD_CSP
SYST-MOR-0007495.bam	macrocarpa_SD_CSP
